abdu@abdu-B450M-S2H:~$ cd /media/
abdu/      nomachine/ 
abdu@abdu-B450M-S2H:~$ cd /media/
abdu/      nomachine/ 
abdu@abdu-B450M-S2H:~$ cd /media/abdu/LinuxHome/
Embedded_Linux/  lost+found/      poky_image_qemu/ .Trash-1000/     
abdu@abdu-B450M-S2H:~$ cd /media/abdu/LinuxHome/
Embedded_Linux/  lost+found/      poky_image_qemu/ .Trash-1000/     
abdu@abdu-B450M-S2H:~$ cd /media/abdu/LinuxHome/Embedded_Linux/git_ignoring/
AGL/           private_files/ repos/         
abdu@abdu-B450M-S2H:~$ cd /media/abdu/LinuxHome/Embedded_Linux/git_ignoring/AGL/trout/build/
abdu@abdu-B450M-S2H:/media/abdu/LinuxHome/Embedded_Linux/git_ignoring/AGL/trout/build$ source agl-init-build-env 
Common targets are:
- meta-agl layer:
  * agl-image-boot                (just enough to boot)
  * agl-image-minimal             (minimal filesystem with APIs)
  * agl-image-minimal-crosssdk    (crosssdk for above)
  * agl-image-weston              (minimal filesystem with weston)
  * agl-image-compositor          (minimal filesystem with AGL compositor)

- meta-agl-flutter:
  * agl-image-flutter.bb          (example/test minimal Flutter image)
  * agl-image-flutter-debug.bb    (above with debugging support)

Build guide:
https://docs.automotivelinux.org/en/trout/#01_Getting_Started/02_Building_AGL_Image/01_Build_Process_Overview/

abdu@abdu-B450M-S2H:/media/abdu/LinuxHome/Embedded_Linux/git_ignoring/AGL/trout/build$ time bitbake agl-image-flutter^C
abdu@abdu-B450M-S2H:/media/abdu/LinuxHome/Embedded_Linux/git_ignoring/AGL/trout/build$ bitbake linux-yocto -c cleansstate && bitbake linux-yocto
Loading cache: 100% |#############################################################################| Time: 0:00:02
Loaded 4736 entries from dependency cache.
NOTE: Resolving any missing task queue dependencies

Build Configuration:
BB_VERSION           = "2.8.1"
BUILD_SYS            = "x86_64-linux"
NATIVELSBSTRING      = "universal"
TARGET_SYS           = "x86_64-agl-linux"
MACHINE              = "qemux86-64"
DISTRO               = "poky-agl"
DISTRO_VERSION       = "20.0.4"
TUNE_FEATURES        = "m64 corei7"
TARGET_FPU           = ""
meta-pipewire        
meta-agl-flutter     = "HEAD:bd03d3355cbb58d3fb9be7784f87e7748178aa5d"
meta-flutter         
meta-flutter-apps    = "HEAD:67d7a4d3dc1e688eb37f05e8f740aca59fb53b9a"
meta-app-framework   = "HEAD:bd03d3355cbb58d3fb9be7784f87e7748178aa5d"
meta-python          
meta-multimedia      = "HEAD:2759d8870ea387b76c902070bed8a6649ff47b56"
meta-clang           = "HEAD:5c602337ea1a80fb7217eeda04e396cf90587dca"
meta-oe              = "HEAD:2759d8870ea387b76c902070bed8a6649ff47b56"
meta-agl-core        
meta-agl-bsp         = "HEAD:bd03d3355cbb58d3fb9be7784f87e7748178aa5d"
meta                 
meta-poky            = "HEAD:72983ac391008ebceb45edc7a8f0f6d5f4fe715c"
meta-lts-mixins_rust = "HEAD:a8046d5ec53b1856169ac795aa87cb0d5db84c04"
meta-flutter-task-app = "main:5afe90b95f5ff057a5f54c46a6cddb2d5ae38b05"

Sstate summary: Wanted 0 Local 0 Mirrors 0 Missed 0 Current 0 (0% match, 0% complete)#####        | ETA:  0:00:00
Initialising tasks: 100% |########################################################################| Time: 0:00:00
NOTE: No setscene tasks
NOTE: Executing Tasks
NOTE: Tasks Summary: Attempted 3 tasks of which 0 didn't need to be rerun and all succeeded.
Loading cache: 100% |#############################################################################| Time: 0:00:01
Loaded 4736 entries from dependency cache.
NOTE: Resolving any missing task queue dependencies

Build Configuration:
BB_VERSION           = "2.8.1"
BUILD_SYS            = "x86_64-linux"
NATIVELSBSTRING      = "universal"
TARGET_SYS           = "x86_64-agl-linux"
MACHINE              = "qemux86-64"
DISTRO               = "poky-agl"
DISTRO_VERSION       = "20.0.4"
TUNE_FEATURES        = "m64 corei7"
TARGET_FPU           = ""
meta-pipewire        
meta-agl-flutter     = "HEAD:bd03d3355cbb58d3fb9be7784f87e7748178aa5d"
meta-flutter         
meta-flutter-apps    = "HEAD:67d7a4d3dc1e688eb37f05e8f740aca59fb53b9a"
meta-app-framework   = "HEAD:bd03d3355cbb58d3fb9be7784f87e7748178aa5d"
meta-python          
meta-multimedia      = "HEAD:2759d8870ea387b76c902070bed8a6649ff47b56"
meta-clang           = "HEAD:5c602337ea1a80fb7217eeda04e396cf90587dca"
meta-oe              = "HEAD:2759d8870ea387b76c902070bed8a6649ff47b56"
meta-agl-core        
meta-agl-bsp         = "HEAD:bd03d3355cbb58d3fb9be7784f87e7748178aa5d"
meta                 
meta-poky            = "HEAD:72983ac391008ebceb45edc7a8f0f6d5f4fe715c"
meta-lts-mixins_rust = "HEAD:a8046d5ec53b1856169ac795aa87cb0d5db84c04"
meta-flutter-task-app = "main:5afe90b95f5ff057a5f54c46a6cddb2d5ae38b05"

Sstate summary: Wanted 35 Local 1 Mirrors 0 Missed 34 Current 442 (2% match, 92% complete)        | ETA:  0:00:00
Initialising tasks: 100% |########################################################################| Time: 0:00:02
NOTE: Executing Tasks
NOTE: Tasks Summary: Attempted 1197 tasks of which 1160 didn't need to be rerun and all succeeded.
abdu@abdu-B450M-S2H:/media/abdu/LinuxHome/Embedded_Linux/git_ignoring/AGL/trout/build$ bitbake agl-demo-flutter-target
Loading cache: 100% |#############################################################################| Time: 0:00:01
Loaded 4736 entries from dependency cache.
ERROR: Nothing PROVIDES 'agl-demo-flutter-target'

Summary: There was 1 ERROR message, returning a non-zero exit code.
abdu@abdu-B450M-S2H:/media/abdu/LinuxHome/Embedded_Linux/git_ignoring/AGL/trout/build$ time bitbake agl-image-flutter
Loading cache: 100% |#############################################################################| Time: 0:00:01
Loaded 4736 entries from dependency cache.
NOTE: Resolving any missing task queue dependencies

Build Configuration:
BB_VERSION           = "2.8.1"
BUILD_SYS            = "x86_64-linux"
NATIVELSBSTRING      = "universal"
TARGET_SYS           = "x86_64-agl-linux"
MACHINE              = "qemux86-64"
DISTRO               = "poky-agl"
DISTRO_VERSION       = "20.0.4"
TUNE_FEATURES        = "m64 corei7"
TARGET_FPU           = ""
meta-pipewire        
meta-agl-flutter     = "HEAD:bd03d3355cbb58d3fb9be7784f87e7748178aa5d"
meta-flutter         
meta-flutter-apps    = "HEAD:67d7a4d3dc1e688eb37f05e8f740aca59fb53b9a"
meta-app-framework   = "HEAD:bd03d3355cbb58d3fb9be7784f87e7748178aa5d"
meta-python          
meta-multimedia      = "HEAD:2759d8870ea387b76c902070bed8a6649ff47b56"
meta-clang           = "HEAD:5c602337ea1a80fb7217eeda04e396cf90587dca"
meta-oe              = "HEAD:2759d8870ea387b76c902070bed8a6649ff47b56"
meta-agl-core        
meta-agl-bsp         = "HEAD:bd03d3355cbb58d3fb9be7784f87e7748178aa5d"
meta                 
meta-poky            = "HEAD:72983ac391008ebceb45edc7a8f0f6d5f4fe715c"
meta-lts-mixins_rust = "HEAD:a8046d5ec53b1856169ac795aa87cb0d5db84c04"
meta-flutter-task-app = "main:5afe90b95f5ff057a5f54c46a6cddb2d5ae38b05"

Sstate summary: Wanted 283 Local 211 Mirrors 0 Missed 72 Current 3266 (74% match, 97% complete)   | ETA:  0:00:01
Removing 5 stale sstate objects for arch corei7-64: 100% |########################################| Time: 0:00:01
Removing 4 stale sstate objects for arch qemux86_64: 100% |#######################################| Time: 0:00:00
NOTE: Executing Tasks
NOTE: Tasks Summary: Attempted 7669 tasks of which 7557 didn't need to be rerun and all succeeded.

real	15m18.382s
user	0m4.423s
sys	0m0.750s
abdu@abdu-B450M-S2H:/media/abdu/LinuxHome/Embedded_Linux/git_ignoring/AGL/trout/build$ f^C
abdu@abdu-B450M-S2H:/media/abdu/LinuxHome/Embedded_Linux/git_ignoring/AGL/trout/build$ runqemu serial
runqemu - INFO - Running bitbake -e  ...
runqemu - INFO - Overriding conf file setting of STAGING_DIR_NATIVE to /media/abdu/LinuxHome/Embedded_Linux/git_ignoring/AGL/trout/qemux86-64/tmp/work/corei7-64-agl-linux/defaultpkgname/1.0/recipe-sysroot-native from Bitbake environment
runqemu - INFO - Continuing with the following parameters:
KERNEL: [/media/abdu/LinuxHome/Embedded_Linux/git_ignoring/AGL/trout/qemux86-64/tmp/deploy/images/qemux86-64/bzImage]
MACHINE: [qemux86-64]
FSTYPE: [ext4]
ROOTFS: [/media/abdu/LinuxHome/Embedded_Linux/git_ignoring/AGL/trout/qemux86-64/tmp/deploy/images/qemux86-64/agl-image-flutter-qemux86-64.rootfs-20260311140524.ext4]
CONFFILE: [/media/abdu/LinuxHome/Embedded_Linux/git_ignoring/AGL/trout/qemux86-64/tmp/deploy/images/qemux86-64/agl-image-flutter-qemux86-64.rootfs-20260311140524.qemuboot.conf]

runqemu - INFO - Setting up tap interface under sudo
[sudo] password for abdu: 
runqemu - INFO - Network configuration: ip=192.168.7.2::192.168.7.1:255.255.255.0::eth0:off:8.8.8.8 net.ifnames=0
runqemu - INFO - Interrupt character is '^]'
runqemu - INFO - Running /media/abdu/LinuxHome/Embedded_Linux/git_ignoring/AGL/trout/qemux86-64/tmp/work/x86_64-linux/qemu-helper-native/1.0/recipe-sysroot-native/usr/bin/qemu-system-x86_64 -device virtio-net-pci,netdev=net0,mac=52:54:00:12:34:02 -netdev tap,id=net0,ifname=tap0,script=no,downscript=no -object rng-random,filename=/dev/urandom,id=rng0 -device virtio-rng-pci,rng=rng0 -drive file=/media/abdu/LinuxHome/Embedded_Linux/git_ignoring/AGL/trout/qemux86-64/tmp/deploy/images/qemux86-64/agl-image-flutter-qemux86-64.rootfs-20260311140524.ext4,if=virtio,format=raw -vga vmware -display default,show-cursor=on -usb -device usb-tablet -device virtio-rng-pci -vga virtio  -machine q35 -cpu qemu64,+ssse3,+sse4.1,+sse4.2,+popcnt -smp 4 -m 2048 -serial mon:vc -serial mon:stdio -serial null -device virtio-vga  -display sdl,show-cursor=on  -kernel /media/abdu/LinuxHome/Embedded_Linux/git_ignoring/AGL/trout/qemux86-64/tmp/deploy/images/qemux86-64/bzImage -append 'root=/dev/vda rw  ip=192.168.7.2::192.168.7.1:255.255.255.0::eth0:off:8.8.8.8 net.ifnames=0 console=ttyS0 console=ttyS1 oprofile.timer=1 tsc=reliable no_timer_check rcupdate.rcu_expedited=1 console=ttyS0,115200n8 quiet swiotlb=0 '

runqemu - INFO - Host uptime: 4251.42


Automotive Grade Linux 20.0.4 qemux86-64 ttyS1

qemux86-64 login: root                                                              
root@qemux86-64:~# which aplay speaker-test paplay pw-play gst-launch-1.0 2>/dev/null
/usr/bin/aplay
/usr/bin/speaker-test
/usr/bin/gst-launch-1.0
root@qemux86-64:~# aplay -l 2>/dev/null || echo "aplay not found"
root@qemux86-64:~# cat /proc/asound/cards 2>/dev/null || echo "No sound cards in /proc"
No sound cards in /proc
root@qemux86-64:~# ls /dev/snd/ 2>/dev/null || echo "No /dev/snd devices"
timer
root@qemux86-64:~# zcat /proc/config.gz | grep -i "CONFIG_SND_HDA\|CONFIG_SND_INTEL"
CONFIG_SND_INTEL8X0=m
# CONFIG_SND_INTEL8X0M is not set
CONFIG_SND_HDA=m
CONFIG_SND_HDA_GENERIC_LEDS=y
CONFIG_SND_HDA_INTEL=m
# CONFIG_SND_HDA_HWDEP is not set
CONFIG_SND_HDA_RECONFIG=y
# CONFIG_SND_HDA_INPUT_BEEP is not set
CONFIG_SND_HDA_PATCH_LOADER=y
CONFIG_SND_HDA_CODEC_REALTEK=m
CONFIG_SND_HDA_CODEC_ANALOG=m
CONFIG_SND_HDA_CODEC_SIGMATEL=m
CONFIG_SND_HDA_CODEC_VIA=m
CONFIG_SND_HDA_CODEC_HDMI=m
CONFIG_SND_HDA_CODEC_CIRRUS=m
# CONFIG_SND_HDA_CODEC_CS8409 is not set
CONFIG_SND_HDA_CODEC_CONEXANT=m
CONFIG_SND_HDA_CODEC_CA0110=m
CONFIG_SND_HDA_CODEC_CA0132=m
CONFIG_SND_HDA_CODEC_CA0132_DSP=y
CONFIG_SND_HDA_CODEC_CMEDIA=m
CONFIG_SND_HDA_CODEC_SI3054=m
CONFIG_SND_HDA_GENERIC=m
CONFIG_SND_HDA_POWER_SAVE_DEFAULT=0
# CONFIG_SND_HDA_INTEL_HDMI_SILENT_STREAM is not set
# CONFIG_SND_HDA_CTL_DEV_ID is not set
CONFIG_SND_HDA_CORE=m
CONFIG_SND_HDA_DSP_LOADER=y
CONFIG_SND_HDA_COMPONENT=y
CONFIG_SND_HDA_I915=y
CONFIG_SND_HDA_PREALLOC_SIZE=0
CONFIG_SND_INTEL_NHLT=y
CONFIG_SND_INTEL_DSP_CONFIG=m
CONFIG_SND_INTEL_SOUNDWIRE_ACPI=m
root@qemux86-64:~# find /lib/modules/$(uname -r) -name "snd*" | head -20
head: invalid option -- '2'
BusyBox v1.36.1 () multi-call binary.

Usage: head [OPTIONS] [FILE]...
root@qemux86-64:~# find /lib/modules/$(uname -r) -name "*hda*"
root@qemux86-64:~# find /lib/modules/$(uname -r) -name "snd*" | head -20
head: invalid option -- '2'
BusyBox v1.36.1 () multi-call binary.

Usage: head [OPTIONS] [FILE]...
root@qemux86-64:~# find /lib/modules/$(uname -r) -name "*hda*"
root@qemux86-64:~# find /lib/modules/$(uname -r) -name "snd*" | head -n 20
/lib/modules/6.6.111-yocto-standard/kernel/sound/core/snd-pcm.ko
/lib/modules/6.6.111-yocto-standard/kernel/sound/core/snd-seq-device.ko
/lib/modules/6.6.111-yocto-standard/kernel/sound/core/snd.ko
/lib/modules/6.6.111-yocto-standard/kernel/sound/core/snd-timer.ko
/lib/modules/6.6.111-yocto-standard/kernel/sound/core/snd-rawmidi.ko
/lib/modules/6.6.111-yocto-standard/kernel/sound/pci/snd-ens1370.ko
root@qemux86-64:~# runqemu - INFO - Cleaning up
runqemu - INFO - Host uptime: 4528.19

abdu@abdu-B450M-S2H:/media/abdu/LinuxHome/Embedded_Linux/git_ignoring/AGL/trout/build$ QEMU_AUDIO_DRV=pa runqemu qemux86-64 serial qemuparams="-device es1370"
runqemu - INFO - Running MACHINE=qemux86-64 bitbake -e  ...
runqemu - INFO - Overriding conf file setting of STAGING_DIR_NATIVE to /media/abdu/LinuxHome/Embedded_Linux/git_ignoring/AGL/trout/qemux86-64/tmp/work/corei7-64-agl-linux/defaultpkgname/1.0/recipe-sysroot-native from Bitbake environment
runqemu - INFO - Continuing with the following parameters:
KERNEL: [/media/abdu/LinuxHome/Embedded_Linux/git_ignoring/AGL/trout/qemux86-64/tmp/deploy/images/qemux86-64/bzImage]
MACHINE: [qemux86-64]
FSTYPE: [ext4]
ROOTFS: [/media/abdu/LinuxHome/Embedded_Linux/git_ignoring/AGL/trout/qemux86-64/tmp/deploy/images/qemux86-64/agl-image-flutter-qemux86-64.rootfs-20260311140524.ext4]
CONFFILE: [/media/abdu/LinuxHome/Embedded_Linux/git_ignoring/AGL/trout/qemux86-64/tmp/deploy/images/qemux86-64/agl-image-flutter-qemux86-64.rootfs-20260311140524.qemuboot.conf]

runqemu - INFO - Setting up tap interface under sudo
runqemu - INFO - Network configuration: ip=192.168.7.2::192.168.7.1:255.255.255.0::eth0:off:8.8.8.8 net.ifnames=0
runqemu - INFO - Interrupt character is '^]'
runqemu - INFO - Running /media/abdu/LinuxHome/Embedded_Linux/git_ignoring/AGL/trout/qemux86-64/tmp/work/x86_64-linux/qemu-helper-native/1.0/recipe-sysroot-native/usr/bin/qemu-system-x86_64 -device virtio-net-pci,netdev=net0,mac=52:54:00:12:34:02 -netdev tap,id=net0,ifname=tap0,script=no,downscript=no -object rng-random,filename=/dev/urandom,id=rng0 -device virtio-rng-pci,rng=rng0 -drive file=/media/abdu/LinuxHome/Embedded_Linux/git_ignoring/AGL/trout/qemux86-64/tmp/deploy/images/qemux86-64/agl-image-flutter-qemux86-64.rootfs-20260311140524.ext4,if=virtio,format=raw -vga vmware -display default,show-cursor=on -usb -device usb-tablet -device virtio-rng-pci -vga virtio  -machine q35 -cpu qemu64,+ssse3,+sse4.1,+sse4.2,+popcnt -smp 4 -m 2048  -device es1370 -serial mon:vc -serial mon:stdio -serial null -device virtio-vga  -display sdl,show-cursor=on  -kernel /media/abdu/LinuxHome/Embedded_Linux/git_ignoring/AGL/trout/qemux86-64/tmp/deploy/images/qemux86-64/bzImage -append 'root=/dev/vda rw  ip=192.168.7.2::192.168.7.1:255.255.255.0::eth0:off:8.8.8.8 net.ifnames=0 console=ttyS0 console=ttyS1 oprofile.timer=1 tsc=reliable no_timer_check rcupdate.rcu_expedited=1 console=ttyS0,115200n8 quiet swiotlb=0 '

runqemu - INFO - Host uptime: 4541.94


Automotive Grade Linux 20.0.4 qemux86-64 ttyS1

qemux86-64 login: roo
Password: 
Automotive Grade Linux 20.0.4 qemux86-64 ttyS1

qemux86-64 login: root
root@qemux86-64:~# modprobe snd-ens1370 && cat /proc/asound/cards
 0 [AudioPCI       ]: ENS1370 - Ensoniq AudioPCI
                      Ensoniq AudioPCI ENS1370 at 0xc000, irq 21
root@qemux86-64:~# modprobe snd-ens1370
root@qemux86-64:~# modprobe snd-pcm
root@qemux86-64:~# cat /proc/asound/cards
 0 [AudioPCI       ]: ENS1370 - Ensoniq AudioPCI
                      Ensoniq AudioPCI ENS1370 at 0xc000, irq 21
root@qemux86-64:~# amixer sset Master unmute 2>/dev/null
root@qemux86-64:~# amixer sset PCM unmute 2>/dev/null
root@qemux86-64:~# speaker-test -t sine -f 440 -l 1

speaker-test 1.2.11

Playback device is default
Stream parameters are 48000Hz, S16_LE, 1 channels
Sine wave rate is 440.0000Hz
Rate set to 48000Hz (requested 48000Hz)
Buffer size range from 128 to 2097152
Period size range from 64 to 1048576
Periods = 4
runqemu - INFO - Cleaning up
runqemu - INFO - Host uptime: 4716.23

abdu@abdu-B450M-S2H:/media/abdu/LinuxHome/Embedded_Linux/git_ignoring/AGL/trout/build$ QEMU_AUDIO_DRV=pa \
QEMU_PA_SINK="alsa_output.pci-0000_09_00.6.analog-stereo" \
runqemu qemux86-64 serial qemuparams="-device es1370"
runqemu - INFO - Running MACHINE=qemux86-64 bitbake -e  ...
runqemu - INFO - Overriding conf file setting of STAGING_DIR_NATIVE to /media/abdu/LinuxHome/Embedded_Linux/git_ignoring/AGL/trout/qemux86-64/tmp/work/corei7-64-agl-linux/defaultpkgname/1.0/recipe-sysroot-native from Bitbake environment
runqemu - INFO - Continuing with the following parameters:
KERNEL: [/media/abdu/LinuxHome/Embedded_Linux/git_ignoring/AGL/trout/qemux86-64/tmp/deploy/images/qemux86-64/bzImage]
MACHINE: [qemux86-64]
FSTYPE: [ext4]
ROOTFS: [/media/abdu/LinuxHome/Embedded_Linux/git_ignoring/AGL/trout/qemux86-64/tmp/deploy/images/qemux86-64/agl-image-flutter-qemux86-64.rootfs-20260311140524.ext4]
CONFFILE: [/media/abdu/LinuxHome/Embedded_Linux/git_ignoring/AGL/trout/qemux86-64/tmp/deploy/images/qemux86-64/agl-image-flutter-qemux86-64.rootfs-20260311140524.qemuboot.conf]

runqemu - INFO - Setting up tap interface under sudo
runqemu - INFO - Network configuration: ip=192.168.7.2::192.168.7.1:255.255.255.0::eth0:off:8.8.8.8 net.ifnames=0
runqemu - INFO - Interrupt character is '^]'
runqemu - INFO - Running /media/abdu/LinuxHome/Embedded_Linux/git_ignoring/AGL/trout/qemux86-64/tmp/work/x86_64-linux/qemu-helper-native/1.0/recipe-sysroot-native/usr/bin/qemu-system-x86_64 -device virtio-net-pci,netdev=net0,mac=52:54:00:12:34:02 -netdev tap,id=net0,ifname=tap0,script=no,downscript=no -object rng-random,filename=/dev/urandom,id=rng0 -device virtio-rng-pci,rng=rng0 -drive file=/media/abdu/LinuxHome/Embedded_Linux/git_ignoring/AGL/trout/qemux86-64/tmp/deploy/images/qemux86-64/agl-image-flutter-qemux86-64.rootfs-20260311140524.ext4,if=virtio,format=raw -vga vmware -display default,show-cursor=on -usb -device usb-tablet -device virtio-rng-pci -vga virtio  -machine q35 -cpu qemu64,+ssse3,+sse4.1,+sse4.2,+popcnt -smp 4 -m 2048  -device es1370 -serial mon:vc -serial mon:stdio -serial null -device virtio-vga  -display sdl,show-cursor=on  -kernel /media/abdu/LinuxHome/Embedded_Linux/git_ignoring/AGL/trout/qemux86-64/tmp/deploy/images/qemux86-64/bzImage -append 'root=/dev/vda rw  ip=192.168.7.2::192.168.7.1:255.255.255.0::eth0:off:8.8.8.8 net.ifnames=0 console=ttyS0 console=ttyS1 oprofile.timer=1 tsc=reliable no_timer_check rcupdate.rcu_expedited=1 console=ttyS0,115200n8 quiet swiotlb=0 '

runqemu - INFO - Host uptime: 4748.78


Automotive Grade Linux 20.0.4 qemux86-64 ttyS1

qemux86-64 login: root
root@qemux86-64:~# speaker-test -t sine -f 440 -l 1

speaker-test 1.2.11

Playback device is default
Stream parameters are 48000Hz, S16_LE, 1 channels
Sine wave rate is 440.0000Hz
Rate set to 48000Hz (requested 48000Hz)
Buffer size range from 128 to 2097152
Period size range from 64 to 1048576
Periods = 4

^C^C^C^C^C^C^C^C^C^C^C^C^C^C^Crunqemu - INFO - Cleaning up
runqemu - INFO - Host uptime: 5000.23

abdu@abdu-B450M-S2H:/media/abdu/LinuxHome/Embedded_Linux/git_ignoring/AGL/trout/build$ QEMU_AUDIO_DRV=pa QEMU_PA_SINK="alsa_output.pci-0000_09_00.6.analog-stereo" runqemu qemux86-64 serial qemuparams="-device es1370"
runqemu - INFO - Running MACHINE=qemux86-64 bitbake -e  ...
runqemu - INFO - Overriding conf file setting of STAGING_DIR_NATIVE to /media/abdu/LinuxHome/Embedded_Linux/git_ignoring/AGL/trout/qemux86-64/tmp/work/corei7-64-agl-linux/defaultpkgname/1.0/recipe-sysroot-native from Bitbake environment
runqemu - INFO - Continuing with the following parameters:
KERNEL: [/media/abdu/LinuxHome/Embedded_Linux/git_ignoring/AGL/trout/qemux86-64/tmp/deploy/images/qemux86-64/bzImage]
MACHINE: [qemux86-64]
FSTYPE: [ext4]
ROOTFS: [/media/abdu/LinuxHome/Embedded_Linux/git_ignoring/AGL/trout/qemux86-64/tmp/deploy/images/qemux86-64/agl-image-flutter-qemux86-64.rootfs-20260311140524.ext4]
CONFFILE: [/media/abdu/LinuxHome/Embedded_Linux/git_ignoring/AGL/trout/qemux86-64/tmp/deploy/images/qemux86-64/agl-image-flutter-qemux86-64.rootfs-20260311140524.qemuboot.conf]

runqemu - INFO - Setting up tap interface under sudo
runqemu - INFO - Network configuration: ip=192.168.7.2::192.168.7.1:255.255.255.0::eth0:off:8.8.8.8 net.ifnames=0
runqemu - INFO - Interrupt character is '^]'
runqemu - INFO - Running /media/abdu/LinuxHome/Embedded_Linux/git_ignoring/AGL/trout/qemux86-64/tmp/work/x86_64-linux/qemu-helper-native/1.0/recipe-sysroot-native/usr/bin/qemu-system-x86_64 -device virtio-net-pci,netdev=net0,mac=52:54:00:12:34:02 -netdev tap,id=net0,ifname=tap0,script=no,downscript=no -object rng-random,filename=/dev/urandom,id=rng0 -device virtio-rng-pci,rng=rng0 -drive file=/media/abdu/LinuxHome/Embedded_Linux/git_ignoring/AGL/trout/qemux86-64/tmp/deploy/images/qemux86-64/agl-image-flutter-qemux86-64.rootfs-20260311140524.ext4,if=virtio,format=raw -vga vmware -display default,show-cursor=on -usb -device usb-tablet -device virtio-rng-pci -vga virtio  -machine q35 -cpu qemu64,+ssse3,+sse4.1,+sse4.2,+popcnt -smp 4 -m 2048  -device es1370 -serial mon:vc -serial mon:stdio -serial null -device virtio-vga  -display sdl,show-cursor=on  -kernel /media/abdu/LinuxHome/Embedded_Linux/git_ignoring/AGL/trout/qemux86-64/tmp/deploy/images/qemux86-64/bzImage -append 'root=/dev/vda rw  ip=192.168.7.2::192.168.7.1:255.255.255.0::eth0:off:8.8.8.8 net.ifnames=0 console=ttyS0 console=ttyS1 oprofile.timer=1 tsc=reliable no_timer_check rcupdate.rcu_expedited=1 console=ttyS0,115200n8 quiet swiotlb=0 '

runqemu - INFO - Host uptime: 5047.82


Automotive Grade Linux 20.0.4 qemux86-64 ttyS1

qemux86-64 login: root
root@qemux86-64:~# runqemu - INFO - Cleaning up
runqemu - INFO - Host uptime: 5207.50

abdu@abdu-B450M-S2H:/media/abdu/LinuxHome/Embedded_Linux/git_ignoring/AGL/trout/build$ QEMU_AUDIO_DRV=pa runqemu qemux86-64 serial qemuparams="-device es1370"
runqemu - INFO - Running MACHINE=qemux86-64 bitbake -e  ...
runqemu - INFO - Overriding conf file setting of STAGING_DIR_NATIVE to /media/abdu/LinuxHome/Embedded_Linux/git_ignoring/AGL/trout/qemux86-64/tmp/work/corei7-64-agl-linux/defaultpkgname/1.0/recipe-sysroot-native from Bitbake environment
runqemu - INFO - Continuing with the following parameters:
KERNEL: [/media/abdu/LinuxHome/Embedded_Linux/git_ignoring/AGL/trout/qemux86-64/tmp/deploy/images/qemux86-64/bzImage]
MACHINE: [qemux86-64]
FSTYPE: [ext4]
ROOTFS: [/media/abdu/LinuxHome/Embedded_Linux/git_ignoring/AGL/trout/qemux86-64/tmp/deploy/images/qemux86-64/agl-image-flutter-qemux86-64.rootfs-20260311140524.ext4]
CONFFILE: [/media/abdu/LinuxHome/Embedded_Linux/git_ignoring/AGL/trout/qemux86-64/tmp/deploy/images/qemux86-64/agl-image-flutter-qemux86-64.rootfs-20260311140524.qemuboot.conf]

runqemu - INFO - Setting up tap interface under sudo
runqemu - INFO - Network configuration: ip=192.168.7.2::192.168.7.1:255.255.255.0::eth0:off:8.8.8.8 net.ifnames=0
runqemu - INFO - Interrupt character is '^]'
runqemu - INFO - Running /media/abdu/LinuxHome/Embedded_Linux/git_ignoring/AGL/trout/qemux86-64/tmp/work/x86_64-linux/qemu-helper-native/1.0/recipe-sysroot-native/usr/bin/qemu-system-x86_64 -device virtio-net-pci,netdev=net0,mac=52:54:00:12:34:02 -netdev tap,id=net0,ifname=tap0,script=no,downscript=no -object rng-random,filename=/dev/urandom,id=rng0 -device virtio-rng-pci,rng=rng0 -drive file=/media/abdu/LinuxHome/Embedded_Linux/git_ignoring/AGL/trout/qemux86-64/tmp/deploy/images/qemux86-64/agl-image-flutter-qemux86-64.rootfs-20260311140524.ext4,if=virtio,format=raw -vga vmware -display default,show-cursor=on -usb -device usb-tablet -device virtio-rng-pci -vga virtio  -machine q35 -cpu qemu64,+ssse3,+sse4.1,+sse4.2,+popcnt -smp 4 -m 2048  -device es1370 -serial mon:vc -serial mon:stdio -serial null -device virtio-vga  -display sdl,show-cursor=on  -kernel /media/abdu/LinuxHome/Embedded_Linux/git_ignoring/AGL/trout/qemux86-64/tmp/deploy/images/qemux86-64/bzImage -append 'root=/dev/vda rw  ip=192.168.7.2::192.168.7.1:255.255.255.0::eth0:off:8.8.8.8 net.ifnames=0 console=ttyS0 console=ttyS1 oprofile.timer=1 tsc=reliable no_timer_check rcupdate.rcu_expedited=1 console=ttyS0,115200n8 quiet swiotlb=0 '

runqemu - INFO - Host uptime: 5218.87


Automotive Grade Linux 20.0.4 qemux86-64 ttyS1

qemux86-64 login: root
root@qemux86-64:~# modprobe snd-ens1370
root@qemux86-64:~# cat /proc/asound/cards
 0 [AudioPCI       ]: ENS1370 - Ensoniq AudioPCI
                      Ensoniq AudioPCI ENS1370 at 0xc000, irq 21
root@qemux86-64:~# amixer sset Master unmute
amixer: Unable to find simple control 'Master',0

root@qemux86-64:~# amixer sset Master 100%
amixer: Unable to find simple control 'Master',0

root@qemux86-64:~# speaker-test -t sine -f 440 -l 1

speaker-test 1.2.11

Playback device is default
Stream parameters are 48000Hz, S16_LE, 1 channels
Sine wave rate is 440.0000Hz
Rate set to 48000Hz (requested 48000Hz)
Buffer size range from 128 to 2097152
Period size range from 64 to 1048576
Periods = 4
runqemu - INFO - Cleaning up
runqemu - INFO - Host uptime: 5398.24

abdu@abdu-B450M-S2H:/media/abdu/LinuxHome/Embedded_Linux/git_ignoring/AGL/trout/build$ export PULSE_SERVER=unix:/run/user/$(id -u)/pulse/native
abdu@abdu-B450M-S2H:/media/abdu/LinuxHome/Embedded_Linux/git_ignoring/AGL/trout/build$ QEMU_AUDIO_DRV=pa \
> QEMU_PA_SERVER=unix:/run/user/$(id -u)/pulse/native \
> runqemu qemux86-64 serial qemuparams="-device es1370,audiodev=snd0 -audiodev pa,id=snd0,server=unix:/run/user/$(id -u)/pulse/native"
runqemu - INFO - Running MACHINE=qemux86-64 bitbake -e  ...
runqemu - INFO - Overriding conf file setting of STAGING_DIR_NATIVE to /media/abdu/LinuxHome/Embedded_Linux/git_ignoring/AGL/trout/qemux86-64/tmp/work/corei7-64-agl-linux/defaultpkgname/1.0/recipe-sysroot-native from Bitbake environment
runqemu - INFO - Continuing with the following parameters:
KERNEL: [/media/abdu/LinuxHome/Embedded_Linux/git_ignoring/AGL/trout/qemux86-64/tmp/deploy/images/qemux86-64/bzImage]
MACHINE: [qemux86-64]
FSTYPE: [ext4]
ROOTFS: [/media/abdu/LinuxHome/Embedded_Linux/git_ignoring/AGL/trout/qemux86-64/tmp/deploy/images/qemux86-64/agl-image-flutter-qemux86-64.rootfs-20260311140524.ext4]
CONFFILE: [/media/abdu/LinuxHome/Embedded_Linux/git_ignoring/AGL/trout/qemux86-64/tmp/deploy/images/qemux86-64/agl-image-flutter-qemux86-64.rootfs-20260311140524.qemuboot.conf]

runqemu - INFO - Setting up tap interface under sudo
runqemu - INFO - Network configuration: ip=192.168.7.2::192.168.7.1:255.255.255.0::eth0:off:8.8.8.8 net.ifnames=0
runqemu - INFO - Interrupt character is '^]'
runqemu - INFO - Running /media/abdu/LinuxHome/Embedded_Linux/git_ignoring/AGL/trout/qemux86-64/tmp/work/x86_64-linux/qemu-helper-native/1.0/recipe-sysroot-native/usr/bin/qemu-system-x86_64 -device virtio-net-pci,netdev=net0,mac=52:54:00:12:34:02 -netdev tap,id=net0,ifname=tap0,script=no,downscript=no -object rng-random,filename=/dev/urandom,id=rng0 -device virtio-rng-pci,rng=rng0 -drive file=/media/abdu/LinuxHome/Embedded_Linux/git_ignoring/AGL/trout/qemux86-64/tmp/deploy/images/qemux86-64/agl-image-flutter-qemux86-64.rootfs-20260311140524.ext4,if=virtio,format=raw -vga vmware -display default,show-cursor=on -usb -device usb-tablet -device virtio-rng-pci -vga virtio  -machine q35 -cpu qemu64,+ssse3,+sse4.1,+sse4.2,+popcnt -smp 4 -m 2048  -device es1370,audiodev=snd0 -audiodev pa,id=snd0,server=unix:/run/user/1000/pulse/native -serial mon:vc -serial mon:stdio -serial null -device virtio-vga  -display sdl,show-cursor=on  -kernel /media/abdu/LinuxHome/Embedded_Linux/git_ignoring/AGL/trout/qemux86-64/tmp/deploy/images/qemux86-64/bzImage -append 'root=/dev/vda rw  ip=192.168.7.2::192.168.7.1:255.255.255.0::eth0:off:8.8.8.8 net.ifnames=0 console=ttyS0 console=ttyS1 oprofile.timer=1 tsc=reliable no_timer_check rcupdate.rcu_expedited=1 console=ttyS0,115200n8 quiet swiotlb=0 '

runqemu - INFO - Host uptime: 5418.62

runqemu - ERROR - Failed to run qemu: qemu-system-x86_64: -audiodev pa,id=snd0,server=unix:/run/user/1000/pulse/native: Parameter 'driver' does not accept value 'pa'

runqemu - INFO - Cleaning up
runqemu - INFO - Host uptime: 5418.63

abdu@abdu-B450M-S2H:/media/abdu/LinuxHome/Embedded_Linux/git_ignoring/AGL/trout/build$ QEMU_AUDIO_DRV=pa QEMU_PA_SERVER=unix:/run/user/$(id -u)/pulse/native runqemu qemux86-64 serial qemuparams="-device es1370,audiodev=snd0 -audiodev pa,id=snd0,server=unix:/run/user/$(id -u)/pulse/native"^C
abdu@abdu-B450M-S2H:/media/abdu/LinuxHome/Embedded_Linux/git_ignoring/AGL/trout/build$ runqemu qemux86-64 serial qemuparams="-device es1370 -audiodev alsa,id=snd0"
runqemu - INFO - Running MACHINE=qemux86-64 bitbake -e  ...
runqemu - INFO - Overriding conf file setting of STAGING_DIR_NATIVE to /media/abdu/LinuxHome/Embedded_Linux/git_ignoring/AGL/trout/qemux86-64/tmp/work/corei7-64-agl-linux/defaultpkgname/1.0/recipe-sysroot-native from Bitbake environment
runqemu - INFO - Continuing with the following parameters:
KERNEL: [/media/abdu/LinuxHome/Embedded_Linux/git_ignoring/AGL/trout/qemux86-64/tmp/deploy/images/qemux86-64/bzImage]
MACHINE: [qemux86-64]
FSTYPE: [ext4]
ROOTFS: [/media/abdu/LinuxHome/Embedded_Linux/git_ignoring/AGL/trout/qemux86-64/tmp/deploy/images/qemux86-64/agl-image-flutter-qemux86-64.rootfs-20260311140524.ext4]
CONFFILE: [/media/abdu/LinuxHome/Embedded_Linux/git_ignoring/AGL/trout/qemux86-64/tmp/deploy/images/qemux86-64/agl-image-flutter-qemux86-64.rootfs-20260311140524.qemuboot.conf]

runqemu - INFO - Setting up tap interface under sudo
runqemu - INFO - Network configuration: ip=192.168.7.2::192.168.7.1:255.255.255.0::eth0:off:8.8.8.8 net.ifnames=0
runqemu - INFO - Interrupt character is '^]'
runqemu - INFO - Running /media/abdu/LinuxHome/Embedded_Linux/git_ignoring/AGL/trout/qemux86-64/tmp/work/x86_64-linux/qemu-helper-native/1.0/recipe-sysroot-native/usr/bin/qemu-system-x86_64 -device virtio-net-pci,netdev=net0,mac=52:54:00:12:34:02 -netdev tap,id=net0,ifname=tap0,script=no,downscript=no -object rng-random,filename=/dev/urandom,id=rng0 -device virtio-rng-pci,rng=rng0 -drive file=/media/abdu/LinuxHome/Embedded_Linux/git_ignoring/AGL/trout/qemux86-64/tmp/deploy/images/qemux86-64/agl-image-flutter-qemux86-64.rootfs-20260311140524.ext4,if=virtio,format=raw -vga vmware -display default,show-cursor=on -usb -device usb-tablet -device virtio-rng-pci -vga virtio  -machine q35 -cpu qemu64,+ssse3,+sse4.1,+sse4.2,+popcnt -smp 4 -m 2048  -device es1370 -audiodev alsa,id=snd0 -serial mon:vc -serial mon:stdio -serial null -device virtio-vga  -display sdl,show-cursor=on  -kernel /media/abdu/LinuxHome/Embedded_Linux/git_ignoring/AGL/trout/qemux86-64/tmp/deploy/images/qemux86-64/bzImage -append 'root=/dev/vda rw  ip=192.168.7.2::192.168.7.1:255.255.255.0::eth0:off:8.8.8.8 net.ifnames=0 console=ttyS0 console=ttyS1 oprofile.timer=1 tsc=reliable no_timer_check rcupdate.rcu_expedited=1 console=ttyS0,115200n8 quiet swiotlb=0 '

runqemu - INFO - Host uptime: 5546.15

runqemu - ERROR - Failed to run qemu: qemu-system-x86_64: -device es1370: no default audio driver available
Perhaps you wanted to use -audio or set audiodev=snd0?

runqemu - INFO - Cleaning up
runqemu - INFO - Host uptime: 5546.21

abdu@abdu-B450M-S2H:/media/abdu/LinuxHome/Embedded_Linux/git_ignoring/AGL/trout/build$ runqemu qemux86-64 serial qemuparams="-device es1370 -audiodev sdl,id=snd0"
runqemu - INFO - Running MACHINE=qemux86-64 bitbake -e  ...
runqemu - INFO - Overriding conf file setting of STAGING_DIR_NATIVE to /media/abdu/LinuxHome/Embedded_Linux/git_ignoring/AGL/trout/qemux86-64/tmp/work/corei7-64-agl-linux/defaultpkgname/1.0/recipe-sysroot-native from Bitbake environment
runqemu - INFO - Continuing with the following parameters:
KERNEL: [/media/abdu/LinuxHome/Embedded_Linux/git_ignoring/AGL/trout/qemux86-64/tmp/deploy/images/qemux86-64/bzImage]
MACHINE: [qemux86-64]
FSTYPE: [ext4]
ROOTFS: [/media/abdu/LinuxHome/Embedded_Linux/git_ignoring/AGL/trout/qemux86-64/tmp/deploy/images/qemux86-64/agl-image-flutter-qemux86-64.rootfs-20260311140524.ext4]
CONFFILE: [/media/abdu/LinuxHome/Embedded_Linux/git_ignoring/AGL/trout/qemux86-64/tmp/deploy/images/qemux86-64/agl-image-flutter-qemux86-64.rootfs-20260311140524.qemuboot.conf]

runqemu - INFO - Setting up tap interface under sudo
runqemu - INFO - Network configuration: ip=192.168.7.2::192.168.7.1:255.255.255.0::eth0:off:8.8.8.8 net.ifnames=0
runqemu - INFO - Interrupt character is '^]'
runqemu - INFO - Running /media/abdu/LinuxHome/Embedded_Linux/git_ignoring/AGL/trout/qemux86-64/tmp/work/x86_64-linux/qemu-helper-native/1.0/recipe-sysroot-native/usr/bin/qemu-system-x86_64 -device virtio-net-pci,netdev=net0,mac=52:54:00:12:34:02 -netdev tap,id=net0,ifname=tap0,script=no,downscript=no -object rng-random,filename=/dev/urandom,id=rng0 -device virtio-rng-pci,rng=rng0 -drive file=/media/abdu/LinuxHome/Embedded_Linux/git_ignoring/AGL/trout/qemux86-64/tmp/deploy/images/qemux86-64/agl-image-flutter-qemux86-64.rootfs-20260311140524.ext4,if=virtio,format=raw -vga vmware -display default,show-cursor=on -usb -device usb-tablet -device virtio-rng-pci -vga virtio  -machine q35 -cpu qemu64,+ssse3,+sse4.1,+sse4.2,+popcnt -smp 4 -m 2048  -device es1370 -audiodev sdl,id=snd0 -serial mon:vc -serial mon:stdio -serial null -device virtio-vga  -display sdl,show-cursor=on  -kernel /media/abdu/LinuxHome/Embedded_Linux/git_ignoring/AGL/trout/qemux86-64/tmp/deploy/images/qemux86-64/bzImage -append 'root=/dev/vda rw  ip=192.168.7.2::192.168.7.1:255.255.255.0::eth0:off:8.8.8.8 net.ifnames=0 console=ttyS0 console=ttyS1 oprofile.timer=1 tsc=reliable no_timer_check rcupdate.rcu_expedited=1 console=ttyS0,115200n8 quiet swiotlb=0 '

runqemu - INFO - Host uptime: 5555.14

runqemu - ERROR - Failed to run qemu: qemu-system-x86_64: SDL failed to initialize audio subsystem

runqemu - INFO - Cleaning up
runqemu - INFO - Host uptime: 5555.15

abdu@abdu-B450M-S2H:/media/abdu/LinuxHome/Embedded_Linux/git_ignoring/AGL/trout/build$ QEMU_AUDIO_DRV=alsa runqemu qemux86-64 serial qemuparams="-device es1370"
runqemu - INFO - Running MACHINE=qemux86-64 bitbake -e  ...
runqemu - INFO - Overriding conf file setting of STAGING_DIR_NATIVE to /media/abdu/LinuxHome/Embedded_Linux/git_ignoring/AGL/trout/qemux86-64/tmp/work/corei7-64-agl-linux/defaultpkgname/1.0/recipe-sysroot-native from Bitbake environment
runqemu - INFO - Continuing with the following parameters:
KERNEL: [/media/abdu/LinuxHome/Embedded_Linux/git_ignoring/AGL/trout/qemux86-64/tmp/deploy/images/qemux86-64/bzImage]
MACHINE: [qemux86-64]
FSTYPE: [ext4]
ROOTFS: [/media/abdu/LinuxHome/Embedded_Linux/git_ignoring/AGL/trout/qemux86-64/tmp/deploy/images/qemux86-64/agl-image-flutter-qemux86-64.rootfs-20260311140524.ext4]
CONFFILE: [/media/abdu/LinuxHome/Embedded_Linux/git_ignoring/AGL/trout/qemux86-64/tmp/deploy/images/qemux86-64/agl-image-flutter-qemux86-64.rootfs-20260311140524.qemuboot.conf]

runqemu - INFO - Setting up tap interface under sudo
runqemu - INFO - Network configuration: ip=192.168.7.2::192.168.7.1:255.255.255.0::eth0:off:8.8.8.8 net.ifnames=0
runqemu - INFO - Interrupt character is '^]'
runqemu - INFO - Running /media/abdu/LinuxHome/Embedded_Linux/git_ignoring/AGL/trout/qemux86-64/tmp/work/x86_64-linux/qemu-helper-native/1.0/recipe-sysroot-native/usr/bin/qemu-system-x86_64 -device virtio-net-pci,netdev=net0,mac=52:54:00:12:34:02 -netdev tap,id=net0,ifname=tap0,script=no,downscript=no -object rng-random,filename=/dev/urandom,id=rng0 -device virtio-rng-pci,rng=rng0 -drive file=/media/abdu/LinuxHome/Embedded_Linux/git_ignoring/AGL/trout/qemux86-64/tmp/deploy/images/qemux86-64/agl-image-flutter-qemux86-64.rootfs-20260311140524.ext4,if=virtio,format=raw -vga vmware -display default,show-cursor=on -usb -device usb-tablet -device virtio-rng-pci -vga virtio  -machine q35 -cpu qemu64,+ssse3,+sse4.1,+sse4.2,+popcnt -smp 4 -m 2048  -device es1370 -serial mon:vc -serial mon:stdio -serial null -device virtio-vga  -display sdl,show-cursor=on  -kernel /media/abdu/LinuxHome/Embedded_Linux/git_ignoring/AGL/trout/qemux86-64/tmp/deploy/images/qemux86-64/bzImage -append 'root=/dev/vda rw  ip=192.168.7.2::192.168.7.1:255.255.255.0::eth0:off:8.8.8.8 net.ifnames=0 console=ttyS0 console=ttyS1 oprofile.timer=1 tsc=reliable no_timer_check rcupdate.rcu_expedited=1 console=ttyS0,115200n8 quiet swiotlb=0 '

runqemu - INFO - Host uptime: 5562.68


Automotive Grade Linux 20.0.4 qemux86-64 ttyS1

qemux86-64 login: root
root@qemux86-64:~# speaker-test -t sine -f 440 -l 1

speaker-test 1.2.11

Playback device is default
Stream parameters are 48000Hz, S16_LE, 1 channels
Sine wave rate is 440.0000Hz
Rate set to 48000Hz (requested 48000Hz)
Buffer size range from 128 to 2097152
Period size range from 64 to 1048576
Periods = 4
^Crunqemu - INFO - Cleaning up
runqemu - INFO - Host uptime: 5832.67

abdu@abdu-B450M-S2H:/media/abdu/LinuxHome/Embedded_Linux/git_ignoring/AGL/trout/build$ QEMU_AUDIO_DRV=alsa runqemu qemux86-64 serial qemuparams="-device es1370"
runqemu - INFO - Running MACHINE=qemux86-64 bitbake -e  ...
runqemu - INFO - Overriding conf file setting of STAGING_DIR_NATIVE to /media/abdu/LinuxHome/Embedded_Linux/git_ignoring/AGL/trout/qemux86-64/tmp/work/corei7-64-agl-linux/defaultpkgname/1.0/recipe-sysroot-native from Bitbake environment
runqemu - INFO - Continuing with the following parameters:
KERNEL: [/media/abdu/LinuxHome/Embedded_Linux/git_ignoring/AGL/trout/qemux86-64/tmp/deploy/images/qemux86-64/bzImage]
MACHINE: [qemux86-64]
FSTYPE: [ext4]
ROOTFS: [/media/abdu/LinuxHome/Embedded_Linux/git_ignoring/AGL/trout/qemux86-64/tmp/deploy/images/qemux86-64/agl-image-flutter-qemux86-64.rootfs-20260311140524.ext4]
CONFFILE: [/media/abdu/LinuxHome/Embedded_Linux/git_ignoring/AGL/trout/qemux86-64/tmp/deploy/images/qemux86-64/agl-image-flutter-qemux86-64.rootfs-20260311140524.qemuboot.conf]

runqemu - INFO - Setting up tap interface under sudo
runqemu - INFO - Network configuration: ip=192.168.7.2::192.168.7.1:255.255.255.0::eth0:off:8.8.8.8 net.ifnames=0
runqemu - INFO - Interrupt character is '^]'
runqemu - INFO - Running /media/abdu/LinuxHome/Embedded_Linux/git_ignoring/AGL/trout/qemux86-64/tmp/work/x86_64-linux/qemu-helper-native/1.0/recipe-sysroot-native/usr/bin/qemu-system-x86_64 -device virtio-net-pci,netdev=net0,mac=52:54:00:12:34:02 -netdev tap,id=net0,ifname=tap0,script=no,downscript=no -object rng-random,filename=/dev/urandom,id=rng0 -device virtio-rng-pci,rng=rng0 -drive file=/media/abdu/LinuxHome/Embedded_Linux/git_ignoring/AGL/trout/qemux86-64/tmp/deploy/images/qemux86-64/agl-image-flutter-qemux86-64.rootfs-20260311140524.ext4,if=virtio,format=raw -vga vmware -display default,show-cursor=on -usb -device usb-tablet -device virtio-rng-pci -vga virtio  -machine q35 -cpu qemu64,+ssse3,+sse4.1,+sse4.2,+popcnt -smp 4 -m 2048  -device es1370 -serial mon:vc -serial mon:stdio -serial null -device virtio-vga  -display sdl,show-cursor=on  -kernel /media/abdu/LinuxHome/Embedded_Linux/git_ignoring/AGL/trout/qemux86-64/tmp/deploy/images/qemux86-64/bzImage -append 'root=/dev/vda rw  ip=192.168.7.2::192.168.7.1:255.255.255.0::eth0:off:8.8.8.8 net.ifnames=0 console=ttyS0 console=ttyS1 oprofile.timer=1 tsc=reliable no_timer_check rcupdate.rcu_expedited=1 console=ttyS0,115200n8 quiet swiotlb=0 '

runqemu - INFO - Host uptime: 5837.95


Automotive Grade Linux 20.0.4 qemux86-64 ttyS1

qemux86-64 login: roo
Password: 

Login incorrect
qemux86-64 login: root
root@qemux86-64:~# speaker-test -t sine -f 440 -l 1

speaker-test 1.2.11

Playback device is default
Stream parameters are 48000Hz, S16_LE, 1 channels
Sine wave rate is 440.0000Hz
Rate set to 48000Hz (requested 48000Hz)
Buffer size range from 128 to 2097152
Period size range from 64 to 1048576
Periods = 4
 runqemu - INFO - Cleaning up
runqemu - INFO - Host uptime: 5967.19

abdu@abdu-B450M-S2H:/media/abdu/LinuxHome/Embedded_Linux/git_ignoring/AGL/trout/build$ QEMU_AUDIO_DRV=alsa runqemu qemux86-64 serial qemuparams="-device es1370"
runqemu - INFO - Running MACHINE=qemux86-64 bitbake -e  ...
runqemu - INFO - Overriding conf file setting of STAGING_DIR_NATIVE to /media/abdu/LinuxHome/Embedded_Linux/git_ignoring/AGL/trout/qemux86-64/tmp/work/corei7-64-agl-linux/defaultpkgname/1.0/recipe-sysroot-native from Bitbake environment
runqemu - INFO - Continuing with the following parameters:
KERNEL: [/media/abdu/LinuxHome/Embedded_Linux/git_ignoring/AGL/trout/qemux86-64/tmp/deploy/images/qemux86-64/bzImage]
MACHINE: [qemux86-64]
FSTYPE: [ext4]
ROOTFS: [/media/abdu/LinuxHome/Embedded_Linux/git_ignoring/AGL/trout/qemux86-64/tmp/deploy/images/qemux86-64/agl-image-flutter-qemux86-64.rootfs-20260311140524.ext4]
CONFFILE: [/media/abdu/LinuxHome/Embedded_Linux/git_ignoring/AGL/trout/qemux86-64/tmp/deploy/images/qemux86-64/agl-image-flutter-qemux86-64.rootfs-20260311140524.qemuboot.conf]

runqemu - INFO - Setting up tap interface under sudo
runqemu - INFO - Network configuration: ip=192.168.7.2::192.168.7.1:255.255.255.0::eth0:off:8.8.8.8 net.ifnames=0
runqemu - INFO - Interrupt character is '^]'
runqemu - INFO - Running /media/abdu/LinuxHome/Embedded_Linux/git_ignoring/AGL/trout/qemux86-64/tmp/work/x86_64-linux/qemu-helper-native/1.0/recipe-sysroot-native/usr/bin/qemu-system-x86_64 -device virtio-net-pci,netdev=net0,mac=52:54:00:12:34:02 -netdev tap,id=net0,ifname=tap0,script=no,downscript=no -object rng-random,filename=/dev/urandom,id=rng0 -device virtio-rng-pci,rng=rng0 -drive file=/media/abdu/LinuxHome/Embedded_Linux/git_ignoring/AGL/trout/qemux86-64/tmp/deploy/images/qemux86-64/agl-image-flutter-qemux86-64.rootfs-20260311140524.ext4,if=virtio,format=raw -vga vmware -display default,show-cursor=on -usb -device usb-tablet -device virtio-rng-pci -vga virtio  -machine q35 -cpu qemu64,+ssse3,+sse4.1,+sse4.2,+popcnt -smp 4 -m 2048  -device es1370 -serial mon:vc -serial mon:stdio -serial null -device virtio-vga  -display sdl,show-cursor=on  -kernel /media/abdu/LinuxHome/Embedded_Linux/git_ignoring/AGL/trout/qemux86-64/tmp/deploy/images/qemux86-64/bzImage -append 'root=/dev/vda rw  ip=192.168.7.2::192.168.7.1:255.255.255.0::eth0:off:8.8.8.8 net.ifnames=0 console=ttyS0 console=ttyS1 oprofile.timer=1 tsc=reliable no_timer_check rcupdate.rcu_expedited=1 console=ttyS0,115200n8 quiet swiotlb=0 '

runqemu - INFO - Host uptime: 5971.47


Automotive Grade Linux 20.0.4 qemux86-64 ttyS1

qemux86-64 login: root
root@qemux86-64:~# speaker-test -t sine -f 440 -l 1 & 
[1] 332
root@qemux86-64:~# 
speaker-test 1.2.11

Playback device is default
Stream parameters are 48000Hz, S16_LE, 1 channels
Sine wave rate is 440.0000Hz
Rate set to 48000Hz (requested 48000Hz)
Buffer size range from 128 to 2097152
Period size range from 64 to 1048576
Periods = 4
root@qemux86-64:~# ls^C
root@qemux86-64:~# ls
root@qemux86-64:~# dmesg | tail -n 50
[    6.603367] systemd[1]: modprobe@fuse.service: Deactivated successfully.
[    6.610227] systemd[1]: Finished Load Kernel Module fuse.
[    6.632603] systemd[1]: FUSE Control File System was skipped because of an unmet condition check (ConditionPathExists=/sys/fs/fuse/connections).
[    6.639587] systemd[1]: Kernel Configuration File System was skipped because of an unmet condition check (ConditionPathExists=/sys/kernel/config).
[    6.698228] systemd[1]: Starting Create Static Device Nodes in /dev gracefully...
[    6.706170] systemd[1]: Finished Generate network units from Kernel command line.
[    6.906667] EXT4-fs (vda): re-mounted a04b2b92-b920-4ad5-beb4-1237f62668ea.
[    6.965258] systemd[1]: Finished Remount Root and Kernel File Systems.
[    6.972507] systemd[1]: Rebuild Hardware Database was skipped because of an unmet condition check (ConditionNeedsUpdate=/etc).
[    6.993427] systemd[1]: Finished Apply Kernel Variables.
[    6.999010] systemd-journald[127]: Collecting audit messages is enabled.
[    7.213263] systemd[1]: Finished Create Static Device Nodes in /dev gracefully.
[    7.216444] systemd[1]: Create System Users was skipped because no trigger condition checks were met.
[    7.235664] systemd[1]: Starting Create Static Device Nodes in /dev...
[    7.534611] systemd[1]: Started Journal Service.
[    7.751316] audit: type=1334 audit(1773241969.665:2): prog-id=6 op=LOAD
[    7.751436] audit: type=1334 audit(1773241969.667:3): prog-id=7 op=LOAD
[    7.864022] systemd-journald[127]: Received client request to flush runtime journal.
[   11.117249] audit: type=1334 audit(1773241973.030:4): prog-id=8 op=LOAD
[   11.131112] audit: type=1334 audit(1773241973.047:5): prog-id=9 op=LOAD
[   11.143269] audit: type=1334 audit(1773241973.060:6): prog-id=10 op=LOAD
[   11.988507] audit: type=1334 audit(1773241973.905:7): prog-id=11 op=LOAD
[   12.014998] audit: type=1334 audit(1773241973.931:8): prog-id=12 op=LOAD
[   12.018087] audit: type=1334 audit(1773241973.934:9): prog-id=13 op=LOAD
[   12.019523] audit: type=1334 audit(1773241973.936:10): prog-id=14 op=LOAD
[   13.489577] pipewire[203]: memfd_create() called without MFD_EXEC or MFD_NOEXEC_SEAL set
[   14.117094] audit: type=1325 audit(1773241976.028:11): table=filter family=2 entries=0 op=xt_register pid=232 comm="connmand"
[   14.126395] audit: type=1300 audit(1773241976.028:11): arch=c000003e syscall=55 success=yes exit=0 a0=9 a1=0 a2=40 a3=557296e901f0 items=0 ppid=1 pid=232 auid=4294967295 uid=0 gid=0 euid=0 suid=0 fsuid=0 egid=0 sgid=0 fsgid=0 tty=(none) ses=4294967295 comm="connmand" exe="/usr/sbin/connmand" key=(null)
[   14.130184] audit: type=1327 audit(1773241976.028:11): proctitle=2F7573722F7362696E2F636F6E6E6D616E64002D6E
[   14.141762] audit: type=1325 audit(1773241976.056:12): table=filter family=2 entries=4 op=xt_replace pid=232 comm="connmand"
[   14.143237] audit: type=1300 audit(1773241976.056:12): arch=c000003e syscall=54 success=yes exit=0 a0=9 a1=0 a2=40 a3=557296e90860 items=0 ppid=1 pid=232 auid=4294967295 uid=0 gid=0 euid=0 suid=0 fsuid=0 egid=0 sgid=0 fsgid=0 tty=(none) ses=4294967295 comm="connmand" exe="/usr/sbin/connmand" key=(null)
[   14.143644] audit: type=1327 audit(1773241976.056:12): proctitle=2F7573722F7362696E2F636F6E6E6D616E64002D6E
[   14.608593] audit: type=1325 audit(1773241976.525:13): table=nat family=2 entries=0 op=xt_register pid=232 comm="connmand"
[   14.610370] audit: type=1300 audit(1773241976.525:13): arch=c000003e syscall=55 success=yes exit=0 a0=9 a1=0 a2=40 a3=557296e90d60 items=0 ppid=1 pid=232 auid=4294967295 uid=0 gid=0 euid=0 suid=0 fsuid=0 egid=0 sgid=0 fsgid=0 tty=(none) ses=4294967295 comm="connmand" exe="/usr/sbin/connmand" key=(null)
[   14.610465] audit: type=1327 audit(1773241976.525:13): proctitle=2F7573722F7362696E2F636F6E6E6D616E64002D6E
[   14.610498] audit: type=1325 audit(1773241976.527:14): table=nat family=2 entries=5 op=xt_replace pid=232 comm="connmand"
[   46.057939] kauditd_printk_skb: 12 callbacks suppressed
[   46.058312] audit: type=1334 audit(1773242007.974:21): prog-id=17 op=UNLOAD
[   46.058475] audit: type=1334 audit(1773242007.974:22): prog-id=16 op=UNLOAD
[   46.058514] audit: type=1334 audit(1773242007.974:23): prog-id=15 op=UNLOAD
[   68.987096] audit: type=1006 audit(1773242030.903:24): pid=320 uid=0 old-auid=4294967295 auid=0 tty=(none) old-ses=4294967295 ses=3 res=1
[   68.987286] audit: type=1300 audit(1773242030.903:24): arch=c000003e syscall=1 success=yes exit=1 a0=8 a1=7fff32826b80 a2=1 a3=0 items=0 ppid=1 pid=320 auid=0 uid=0 gid=0 euid=0 suid=0 fsuid=0 egid=0 sgid=0 fsgid=0 tty=(none) ses=3 comm="(systemd)" exe="/usr/lib/systemd/systemd-executor" key=(null)
[   68.987362] audit: type=1327 audit(1773242030.903:24): proctitle="(systemd)"
[   69.213531] audit: type=1334 audit(1773242031.129:25): prog-id=19 op=LOAD
[   69.214146] audit: type=1300 audit(1773242031.129:25): arch=c000003e syscall=321 success=yes exit=8 a0=5 a1=7fffc6cf0310 a2=90 a3=0 items=0 ppid=1 pid=320 auid=0 uid=0 gid=0 euid=0 suid=0 fsuid=0 egid=0 sgid=0 fsgid=0 tty=(none) ses=3 comm="systemd" exe="/usr/lib/systemd/systemd" key=(null)
[   69.214308] audit: type=1327 audit(1773242031.129:25): proctitle="(systemd)"
[   69.214409] audit: type=1334 audit(1773242031.131:26): prog-id=19 op=UNLOAD
[   69.214460] audit: type=1300 audit(1773242031.131:26): arch=c000003e syscall=3 success=yes exit=0 a0=8 a1=7fffc6cf03f0 a2=90 a3=200000008 items=0 ppid=1 pid=320 auid=0 uid=0 gid=0 euid=0 suid=0 fsuid=0 egid=0 sgid=0 fsgid=0 tty=(none) ses=3 comm="systemd" exe="/usr/lib/systemd/systemd" key=(null)
[   69.214506] audit: type=1327 audit(1773242031.131:26): proctitle="(systemd)"
[   69.215468] audit: type=1334 audit(1773242031.131:27): prog-id=20 op=LOAD
root@qemux86-64:~# speaker-test -t sine -f 440 -l 1 &
[2] 338
root@qemux86-64:~# 
speaker-test 1.2.11

Playback device is default
Stream parameters are 48000Hz, S16_LE, 1 channels
Sine wave rate is 440.0000Hz
Rate set to 48000Hz (requested 48000Hz)
Buffer size range from 128 to 2097152
Period size range from 64 to 1048576
Periods = 4
root@qemux86-64:~# dmesg | tail -n 50
[    6.603367] systemd[1]: modprobe@fuse.service: Deactivated successfully.
[    6.610227] systemd[1]: Finished Load Kernel Module fuse.
[    6.632603] systemd[1]: FUSE Control File System was skipped because of an unmet condition check (ConditionPathExists=/sys/fs/fuse/connections).
[    6.639587] systemd[1]: Kernel Configuration File System was skipped because of an unmet condition check (ConditionPathExists=/sys/kernel/config).
[    6.698228] systemd[1]: Starting Create Static Device Nodes in /dev gracefully...
[    6.706170] systemd[1]: Finished Generate network units from Kernel command line.
[    6.906667] EXT4-fs (vda): re-mounted a04b2b92-b920-4ad5-beb4-1237f62668ea.
[    6.965258] systemd[1]: Finished Remount Root and Kernel File Systems.
[    6.972507] systemd[1]: Rebuild Hardware Database was skipped because of an unmet condition check (ConditionNeedsUpdate=/etc).
[    6.993427] systemd[1]: Finished Apply Kernel Variables.
[    6.999010] systemd-journald[127]: Collecting audit messages is enabled.
[    7.213263] systemd[1]: Finished Create Static Device Nodes in /dev gracefully.
[    7.216444] systemd[1]: Create System Users was skipped because no trigger condition checks were met.
[    7.235664] systemd[1]: Starting Create Static Device Nodes in /dev...
[    7.534611] systemd[1]: Started Journal Service.
[    7.751316] audit: type=1334 audit(1773241969.665:2): prog-id=6 op=LOAD
[    7.751436] audit: type=1334 audit(1773241969.667:3): prog-id=7 op=LOAD
[    7.864022] systemd-journald[127]: Received client request to flush runtime journal.
[   11.117249] audit: type=1334 audit(1773241973.030:4): prog-id=8 op=LOAD
[   11.131112] audit: type=1334 audit(1773241973.047:5): prog-id=9 op=LOAD
[   11.143269] audit: type=1334 audit(1773241973.060:6): prog-id=10 op=LOAD
[   11.988507] audit: type=1334 audit(1773241973.905:7): prog-id=11 op=LOAD
[   12.014998] audit: type=1334 audit(1773241973.931:8): prog-id=12 op=LOAD
[   12.018087] audit: type=1334 audit(1773241973.934:9): prog-id=13 op=LOAD
[   12.019523] audit: type=1334 audit(1773241973.936:10): prog-id=14 op=LOAD
[   13.489577] pipewire[203]: memfd_create() called without MFD_EXEC or MFD_NOEXEC_SEAL set
[   14.117094] audit: type=1325 audit(1773241976.028:11): table=filter family=2 entries=0 op=xt_register pid=232 comm="connmand"
[   14.126395] audit: type=1300 audit(1773241976.028:11): arch=c000003e syscall=55 success=yes exit=0 a0=9 a1=0 a2=40 a3=557296e901f0 items=0 ppid=1 pid=232 auid=4294967295 uid=0 gid=0 euid=0 suid=0 fsuid=0 egid=0 sgid=0 fsgid=0 tty=(none) ses=4294967295 comm="connmand" exe="/usr/sbin/connmand" key=(null)
[   14.130184] audit: type=1327 audit(1773241976.028:11): proctitle=2F7573722F7362696E2F636F6E6E6D616E64002D6E
[   14.141762] audit: type=1325 audit(1773241976.056:12): table=filter family=2 entries=4 op=xt_replace pid=232 comm="connmand"
[   14.143237] audit: type=1300 audit(1773241976.056:12): arch=c000003e syscall=54 success=yes exit=0 a0=9 a1=0 a2=40 a3=557296e90860 items=0 ppid=1 pid=232 auid=4294967295 uid=0 gid=0 euid=0 suid=0 fsuid=0 egid=0 sgid=0 fsgid=0 tty=(none) ses=4294967295 comm="connmand" exe="/usr/sbin/connmand" key=(null)
[   14.143644] audit: type=1327 audit(1773241976.056:12): proctitle=2F7573722F7362696E2F636F6E6E6D616E64002D6E
[   14.608593] audit: type=1325 audit(1773241976.525:13): table=nat family=2 entries=0 op=xt_register pid=232 comm="connmand"
[   14.610370] audit: type=1300 audit(1773241976.525:13): arch=c000003e syscall=55 success=yes exit=0 a0=9 a1=0 a2=40 a3=557296e90d60 items=0 ppid=1 pid=232 auid=4294967295 uid=0 gid=0 euid=0 suid=0 fsuid=0 egid=0 sgid=0 fsgid=0 tty=(none) ses=4294967295 comm="connmand" exe="/usr/sbin/connmand" key=(null)
[   14.610465] audit: type=1327 audit(1773241976.525:13): proctitle=2F7573722F7362696E2F636F6E6E6D616E64002D6E
[   14.610498] audit: type=1325 audit(1773241976.527:14): table=nat family=2 entries=5 op=xt_replace pid=232 comm="connmand"
[   46.057939] kauditd_printk_skb: 12 callbacks suppressed
[   46.058312] audit: type=1334 audit(1773242007.974:21): prog-id=17 op=UNLOAD
[   46.058475] audit: type=1334 audit(1773242007.974:22): prog-id=16 op=UNLOAD
[   46.058514] audit: type=1334 audit(1773242007.974:23): prog-id=15 op=UNLOAD
[   68.987096] audit: type=1006 audit(1773242030.903:24): pid=320 uid=0 old-auid=4294967295 auid=0 tty=(none) old-ses=4294967295 ses=3 res=1
[   68.987286] audit: type=1300 audit(1773242030.903:24): arch=c000003e syscall=1 success=yes exit=1 a0=8 a1=7fff32826b80 a2=1 a3=0 items=0 ppid=1 pid=320 auid=0 uid=0 gid=0 euid=0 suid=0 fsuid=0 egid=0 sgid=0 fsgid=0 tty=(none) ses=3 comm="(systemd)" exe="/usr/lib/systemd/systemd-executor" key=(null)
[   68.987362] audit: type=1327 audit(1773242030.903:24): proctitle="(systemd)"
[   69.213531] audit: type=1334 audit(1773242031.129:25): prog-id=19 op=LOAD
[   69.214146] audit: type=1300 audit(1773242031.129:25): arch=c000003e syscall=321 success=yes exit=8 a0=5 a1=7fffc6cf0310 a2=90 a3=0 items=0 ppid=1 pid=320 auid=0 uid=0 gid=0 euid=0 suid=0 fsuid=0 egid=0 sgid=0 fsgid=0 tty=(none) ses=3 comm="systemd" exe="/usr/lib/systemd/systemd" key=(null)
[   69.214308] audit: type=1327 audit(1773242031.129:25): proctitle="(systemd)"
[   69.214409] audit: type=1334 audit(1773242031.131:26): prog-id=19 op=UNLOAD
[   69.214460] audit: type=1300 audit(1773242031.131:26): arch=c000003e syscall=3 success=yes exit=0 a0=8 a1=7fffc6cf03f0 a2=90 a3=200000008 items=0 ppid=1 pid=320 auid=0 uid=0 gid=0 euid=0 suid=0 fsuid=0 egid=0 sgid=0 fsgid=0 tty=(none) ses=3 comm="systemd" exe="/usr/lib/systemd/systemd" key=(null)
[   69.214506] audit: type=1327 audit(1773242031.131:26): proctitle="(systemd)"
[   69.215468] audit: type=1334 audit(1773242031.131:27): prog-id=20 op=LOAD
root@qemux86-64:~# journalctl | tail -n 40
Mar 11 15:13:50 qemux86-64 systemd[1]: Finished User Runtime Directory /run/user/0.
Mar 11 15:13:50 qemux86-64 systemd[1]: Starting User Manager for UID 0...
Mar 11 15:13:50 qemux86-64 (systemd)[320]: pam_warn(systemd-user:setcred): function=[pam_sm_setcred] flags=0x8002 service=[systemd-user] terminal=[<unknown>] user=[root] ruser=[<unknown>] rhost=[<unknown>]
Mar 11 15:13:50 qemux86-64 kernel: audit: type=1006 audit(1773242030.903:24): pid=320 uid=0 old-auid=4294967295 auid=0 tty=(none) old-ses=4294967295 ses=3 res=1
Mar 11 15:13:50 qemux86-64 kernel: audit: type=1300 audit(1773242030.903:24): arch=c000003e syscall=1 success=yes exit=1 a0=8 a1=7fff32826b80 a2=1 a3=0 items=0 ppid=1 pid=320 auid=0 uid=0 gid=0 euid=0 suid=0 fsuid=0 egid=0 sgid=0 fsgid=0 tty=(none) ses=3 comm="(systemd)" exe="/usr/lib/systemd/systemd-executor" key=(null)
Mar 11 15:13:50 qemux86-64 kernel: audit: type=1327 audit(1773242030.903:24): proctitle="(systemd)"
Mar 11 15:13:50 qemux86-64 audit[320]: SYSCALL arch=c000003e syscall=1 success=yes exit=1 a0=8 a1=7fff32826b80 a2=1 a3=0 items=0 ppid=1 pid=320 auid=0 uid=0 gid=0 euid=0 suid=0 fsuid=0 egid=0 sgid=0 fsgid=0 tty=(none) ses=3 comm="(systemd)" exe="/usr/lib/systemd/systemd-executor" key=(null)
Mar 11 15:13:50 qemux86-64 audit: PROCTITLE proctitle="(systemd)"
Mar 11 15:13:51 qemux86-64 audit: BPF prog-id=19 op=LOAD
Mar 11 15:13:51 qemux86-64 kernel: audit: type=1334 audit(1773242031.129:25): prog-id=19 op=LOAD
Mar 11 15:13:51 qemux86-64 kernel: audit: type=1300 audit(1773242031.129:25): arch=c000003e syscall=321 success=yes exit=8 a0=5 a1=7fffc6cf0310 a2=90 a3=0 items=0 ppid=1 pid=320 auid=0 uid=0 gid=0 euid=0 suid=0 fsuid=0 egid=0 sgid=0 fsgid=0 tty=(none) ses=3 comm="systemd" exe="/usr/lib/systemd/systemd" key=(null)
Mar 11 15:13:51 qemux86-64 kernel: audit: type=1327 audit(1773242031.129:25): proctitle="(systemd)"
Mar 11 15:13:51 qemux86-64 kernel: audit: type=1334 audit(1773242031.131:26): prog-id=19 op=UNLOAD
Mar 11 15:13:51 qemux86-64 kernel: audit: type=1300 audit(1773242031.131:26): arch=c000003e syscall=3 success=yes exit=0 a0=8 a1=7fffc6cf03f0 a2=90 a3=200000008 items=0 ppid=1 pid=320 auid=0 uid=0 gid=0 euid=0 suid=0 fsuid=0 egid=0 sgid=0 fsgid=0 tty=(none) ses=3 comm="systemd" exe="/usr/lib/systemd/systemd" key=(null)
Mar 11 15:13:51 qemux86-64 kernel: audit: type=1327 audit(1773242031.131:26): proctitle="(systemd)"
Mar 11 15:13:51 qemux86-64 kernel: audit: type=1334 audit(1773242031.131:27): prog-id=20 op=LOAD
Mar 11 15:13:51 qemux86-64 audit[320]: SYSCALL arch=c000003e syscall=321 success=yes exit=8 a0=5 a1=7fffc6cf0310 a2=90 a3=0 items=0 ppid=1 pid=320 auid=0 uid=0 gid=0 euid=0 suid=0 fsuid=0 egid=0 sgid=0 fsgid=0 tty=(none) ses=3 comm="systemd" exe="/usr/lib/systemd/systemd" key=(null)
Mar 11 15:13:51 qemux86-64 audit: PROCTITLE proctitle="(systemd)"
Mar 11 15:13:51 qemux86-64 audit: BPF prog-id=19 op=UNLOAD
Mar 11 15:13:51 qemux86-64 audit[320]: SYSCALL arch=c000003e syscall=3 success=yes exit=0 a0=8 a1=7fffc6cf03f0 a2=90 a3=200000008 items=0 ppid=1 pid=320 auid=0 uid=0 gid=0 euid=0 suid=0 fsuid=0 egid=0 sgid=0 fsgid=0 tty=(none) ses=3 comm="systemd" exe="/usr/lib/systemd/systemd" key=(null)
Mar 11 15:13:51 qemux86-64 audit: PROCTITLE proctitle="(systemd)"
Mar 11 15:13:51 qemux86-64 audit: BPF prog-id=20 op=LOAD
Mar 11 15:13:51 qemux86-64 audit[320]: SYSCALL arch=c000003e syscall=321 success=yes exit=8 a0=5 a1=7fffc6cf03c0 a2=90 a3=4 items=0 ppid=1 pid=320 auid=0 uid=0 gid=0 euid=0 suid=0 fsuid=0 egid=0 sgid=0 fsgid=0 tty=(none) ses=3 comm="systemd" exe="/usr/lib/systemd/systemd" key=(null)
Mar 11 15:13:51 qemux86-64 audit: PROCTITLE proctitle="(systemd)"
Mar 11 15:13:51 qemux86-64 audit: BPF prog-id=20 op=UNLOAD
Mar 11 15:13:51 qemux86-64 audit[320]: SYSCALL arch=c000003e syscall=3 success=yes exit=0 a0=8 a1=7fffc6cf03c0 a2=0 a3=4 items=0 ppid=1 pid=320 auid=0 uid=0 gid=0 euid=0 suid=0 fsuid=0 egid=0 sgid=0 fsgid=0 tty=(none) ses=3 comm="systemd" exe="/usr/lib/systemd/systemd" key=(null)
Mar 11 15:13:51 qemux86-64 audit: PROCTITLE proctitle="(systemd)"
Mar 11 15:13:52 qemux86-64 systemd[320]: Queued start job for default target Main User Target.
Mar 11 15:13:52 qemux86-64 systemd[320]: Created slice User Application Slice.
Mar 11 15:13:52 qemux86-64 systemd[320]: Reached target Paths.
Mar 11 15:13:52 qemux86-64 systemd[320]: Reached target Timers.
Mar 11 15:13:52 qemux86-64 systemd[320]: Starting D-Bus User Message Bus Socket...
Mar 11 15:13:52 qemux86-64 systemd[320]: Listening on D-Bus User Message Bus Socket.
Mar 11 15:13:52 qemux86-64 systemd[320]: Reached target Sockets.
Mar 11 15:13:52 qemux86-64 systemd[320]: Reached target Basic System.
Mar 11 15:13:52 qemux86-64 systemd[320]: Reached target Main User Target.
Mar 11 15:13:52 qemux86-64 systemd[320]: Startup finished in 1.675s.
Mar 11 15:13:52 qemux86-64 systemd[1]: Started User Manager for UID 0.
Mar 11 15:13:52 qemux86-64 systemd[1]: Started Session c2 of User root.
Mar 11 15:13:52 qemux86-64 login[327]: ROOT LOGIN  on '/dev/ttyS1'
root@qemux86-64:~# dmesg | tail -n 50
[    6.603367] systemd[1]: modprobe@fuse.service: Deactivated successfully.
[    6.610227] systemd[1]: Finished Load Kernel Module fuse.
[    6.632603] systemd[1]: FUSE Control File System was skipped because of an unmet condition check (ConditionPathExists=/sys/fs/fuse/connections).
[    6.639587] systemd[1]: Kernel Configuration File System was skipped because of an unmet condition check (ConditionPathExists=/sys/kernel/config).
[    6.698228] systemd[1]: Starting Create Static Device Nodes in /dev gracefully...
[    6.706170] systemd[1]: Finished Generate network units from Kernel command line.
[    6.906667] EXT4-fs (vda): re-mounted a04b2b92-b920-4ad5-beb4-1237f62668ea.
[    6.965258] systemd[1]: Finished Remount Root and Kernel File Systems.
[    6.972507] systemd[1]: Rebuild Hardware Database was skipped because of an unmet condition check (ConditionNeedsUpdate=/etc).
[    6.993427] systemd[1]: Finished Apply Kernel Variables.
[    6.999010] systemd-journald[127]: Collecting audit messages is enabled.
[    7.213263] systemd[1]: Finished Create Static Device Nodes in /dev gracefully.
[    7.216444] systemd[1]: Create System Users was skipped because no trigger condition checks were met.
[    7.235664] systemd[1]: Starting Create Static Device Nodes in /dev...
[    7.534611] systemd[1]: Started Journal Service.
[    7.751316] audit: type=1334 audit(1773241969.665:2): prog-id=6 op=LOAD
[    7.751436] audit: type=1334 audit(1773241969.667:3): prog-id=7 op=LOAD
[    7.864022] systemd-journald[127]: Received client request to flush runtime journal.
[   11.117249] audit: type=1334 audit(1773241973.030:4): prog-id=8 op=LOAD
[   11.131112] audit: type=1334 audit(1773241973.047:5): prog-id=9 op=LOAD
[   11.143269] audit: type=1334 audit(1773241973.060:6): prog-id=10 op=LOAD
[   11.988507] audit: type=1334 audit(1773241973.905:7): prog-id=11 op=LOAD
[   12.014998] audit: type=1334 audit(1773241973.931:8): prog-id=12 op=LOAD
[   12.018087] audit: type=1334 audit(1773241973.934:9): prog-id=13 op=LOAD
[   12.019523] audit: type=1334 audit(1773241973.936:10): prog-id=14 op=LOAD
[   13.489577] pipewire[203]: memfd_create() called without MFD_EXEC or MFD_NOEXEC_SEAL set
[   14.117094] audit: type=1325 audit(1773241976.028:11): table=filter family=2 entries=0 op=xt_register pid=232 comm="connmand"
[   14.126395] audit: type=1300 audit(1773241976.028:11): arch=c000003e syscall=55 success=yes exit=0 a0=9 a1=0 a2=40 a3=557296e901f0 items=0 ppid=1 pid=232 auid=4294967295 uid=0 gid=0 euid=0 suid=0 fsuid=0 egid=0 sgid=0 fsgid=0 tty=(none) ses=4294967295 comm="connmand" exe="/usr/sbin/connmand" key=(null)
[   14.130184] audit: type=1327 audit(1773241976.028:11): proctitle=2F7573722F7362696E2F636F6E6E6D616E64002D6E
[   14.141762] audit: type=1325 audit(1773241976.056:12): table=filter family=2 entries=4 op=xt_replace pid=232 comm="connmand"
[   14.143237] audit: type=1300 audit(1773241976.056:12): arch=c000003e syscall=54 success=yes exit=0 a0=9 a1=0 a2=40 a3=557296e90860 items=0 ppid=1 pid=232 auid=4294967295 uid=0 gid=0 euid=0 suid=0 fsuid=0 egid=0 sgid=0 fsgid=0 tty=(none) ses=4294967295 comm="connmand" exe="/usr/sbin/connmand" key=(null)
[   14.143644] audit: type=1327 audit(1773241976.056:12): proctitle=2F7573722F7362696E2F636F6E6E6D616E64002D6E
[   14.608593] audit: type=1325 audit(1773241976.525:13): table=nat family=2 entries=0 op=xt_register pid=232 comm="connmand"
[   14.610370] audit: type=1300 audit(1773241976.525:13): arch=c000003e syscall=55 success=yes exit=0 a0=9 a1=0 a2=40 a3=557296e90d60 items=0 ppid=1 pid=232 auid=4294967295 uid=0 gid=0 euid=0 suid=0 fsuid=0 egid=0 sgid=0 fsgid=0 tty=(none) ses=4294967295 comm="connmand" exe="/usr/sbin/connmand" key=(null)
[   14.610465] audit: type=1327 audit(1773241976.525:13): proctitle=2F7573722F7362696E2F636F6E6E6D616E64002D6E
[   14.610498] audit: type=1325 audit(1773241976.527:14): table=nat family=2 entries=5 op=xt_replace pid=232 comm="connmand"
[   46.057939] kauditd_printk_skb: 12 callbacks suppressed
[   46.058312] audit: type=1334 audit(1773242007.974:21): prog-id=17 op=UNLOAD
[   46.058475] audit: type=1334 audit(1773242007.974:22): prog-id=16 op=UNLOAD
[   46.058514] audit: type=1334 audit(1773242007.974:23): prog-id=15 op=UNLOAD
[   68.987096] audit: type=1006 audit(1773242030.903:24): pid=320 uid=0 old-auid=4294967295 auid=0 tty=(none) old-ses=4294967295 ses=3 res=1
[   68.987286] audit: type=1300 audit(1773242030.903:24): arch=c000003e syscall=1 success=yes exit=1 a0=8 a1=7fff32826b80 a2=1 a3=0 items=0 ppid=1 pid=320 auid=0 uid=0 gid=0 euid=0 suid=0 fsuid=0 egid=0 sgid=0 fsgid=0 tty=(none) ses=3 comm="(systemd)" exe="/usr/lib/systemd/systemd-executor" key=(null)
[   68.987362] audit: type=1327 audit(1773242030.903:24): proctitle="(systemd)"
[   69.213531] audit: type=1334 audit(1773242031.129:25): prog-id=19 op=LOAD
[   69.214146] audit: type=1300 audit(1773242031.129:25): arch=c000003e syscall=321 success=yes exit=8 a0=5 a1=7fffc6cf0310 a2=90 a3=0 items=0 ppid=1 pid=320 auid=0 uid=0 gid=0 euid=0 suid=0 fsuid=0 egid=0 sgid=0 fsgid=0 tty=(none) ses=3 comm="systemd" exe="/usr/lib/systemd/systemd" key=(null)
[   69.214308] audit: type=1327 audit(1773242031.129:25): proctitle="(systemd)"
[   69.214409] audit: type=1334 audit(1773242031.131:26): prog-id=19 op=UNLOAD
[   69.214460] audit: type=1300 audit(1773242031.131:26): arch=c000003e syscall=3 success=yes exit=0 a0=8 a1=7fffc6cf03f0 a2=90 a3=200000008 items=0 ppid=1 pid=320 auid=0 uid=0 gid=0 euid=0 suid=0 fsuid=0 egid=0 sgid=0 fsgid=0 tty=(none) ses=3 comm="systemd" exe="/usr/lib/systemd/systemd" key=(null)
[   69.214506] audit: type=1327 audit(1773242031.131:26): proctitle="(systemd)"
[   69.215468] audit: type=1334 audit(1773242031.131:27): prog-id=20 op=LOAD
root@qemux86-64:~# ps
  PID USER       VSZ STAT COMMAND
    1 root     18480 S    {systemd} /sbin/init
    2 root         0 SW   [kthreadd]
    3 root         0 SW   [pool_workqueue_]
    4 root         0 IW<  [kworker/R-rcu_g]
    5 root         0 IW<  [kworker/R-rcu_p]
    6 root         0 IW<  [kworker/R-slub_]
    7 root         0 IW<  [kworker/R-netns]
    8 root         0 IW   [kworker/0:0-eve]
    9 root         0 IW   [kworker/0:1-cgr]
   10 root         0 IW<  [kworker/0:0H-ev]
   11 root         0 IW   [kworker/u8:0-ev]
   12 root         0 IW   [kworker/u8:1-ev]
   13 root         0 IW<  [kworker/R-mm_pe]
   14 root         0 IW   [rcu_tasks_kthre]
   15 root         0 IW   [rcu_tasks_rude_]
   16 root         0 IW   [rcu_tasks_trace]
   17 root         0 SW   [ksoftirqd/0]
   18 root         0 IW   [rcu_preempt]
   19 root         0 SW   [migration/0]
   20 root         0 SW   [cpuhp/0]
   21 root         0 SW   [cpuhp/1]
   22 root         0 SW   [migration/1]
   23 root         0 SW   [ksoftirqd/1]
   24 root         0 IW   [kworker/1:0-rcu]
   25 root         0 IW<  [kworker/1:0H-kb]
   26 root         0 SW   [cpuhp/2]
   27 root         0 SW   [migration/2]
   28 root         0 SW   [ksoftirqd/2]
   29 root         0 IW   [kworker/2:0-cgr]
   30 root         0 IW<  [kworker/2:0H-ev]
   31 root         0 SW   [cpuhp/3]
   32 root         0 SW   [migration/3]
   33 root         0 SW   [ksoftirqd/3]
   34 root         0 IW   [kworker/3:0-cgr]
   35 root         0 IW<  [kworker/3:0H-ev]
   36 root         0 SW   [kdevtmpfs]
   37 root         0 IW<  [kworker/R-inet_]
   38 root         0 SW   [kauditd]
   39 root         0 SW   [oom_reaper]
   40 root         0 IW   [kworker/u8:2-ev]
   41 root         0 IW<  [kworker/R-write]
   42 root         0 SW   [kcompactd0]
   43 root         0 IW   [kworker/u8:3-ev]
   44 root         0 IW<  [kworker/R-kbloc]
   45 root         0 IW<  [kworker/R-blkcg]
   46 root         0 IW   [kworker/2:1-eve]
   47 root         0 IW   [kworker/1:1-eve]
   48 root         0 IW   [kworker/3:1-mm_]
   49 root         0 IW<  [kworker/R-tpm_d]
   50 root         0 IW<  [kworker/R-ata_s]
   51 root         0 IW<  [kworker/R-md]
   52 root         0 IW<  [kworker/R-md_bi]
   53 root         0 IW<  [kworker/2:1H-kb]
   54 root         0 IW<  [kworker/R-rpcio]
   55 root         0 IW<  [kworker/R-xprti]
   56 root         0 SW   [kswapd0]
   57 root         0 IW<  [kworker/R-nfsio]
   58 root         0 IW<  [kworker/R-cifsi]
   59 root         0 IW<  [kworker/R-smb3d]
   60 root         0 IW<  [kworker/R-cifsf]
   61 root         0 IW<  [kworker/R-cifso]
   62 root         0 IW<  [kworker/R-defer]
   63 root         0 IW<  [kworker/R-serve]
   64 root         0 IW<  [kworker/R-cfid_]
   65 root         0 IW<  [kworker/R-acpi_]
   66 root         0 SW   [hwrng]
   67 root         0 IW<  [kworker/R-nvme-]
   68 root         0 IW<  [kworker/R-nvme-]
   69 root         0 IW<  [kworker/R-nvme-]
   70 root         0 SW   [scsi_eh_0]
   71 root         0 IW<  [kworker/R-scsi_]
   72 root         0 SW   [scsi_eh_1]
   73 root         0 IW<  [kworker/R-scsi_]
   74 root         0 SW   [scsi_eh_2]
   75 root         0 IW<  [kworker/R-scsi_]
   76 root         0 SW   [scsi_eh_3]
   77 root         0 IW<  [kworker/R-scsi_]
   78 root         0 SW   [scsi_eh_4]
   79 root         0 IW<  [kworker/R-scsi_]
   80 root         0 SW   [scsi_eh_5]
   81 root         0 IW<  [kworker/R-scsi_]
   82 root         0 IW   [kworker/u8:4-ev]
   83 root         0 IW   [kworker/u8:5-ev]
   84 root         0 IW   [kworker/u8:6-fl]
   85 root         0 IW   [kworker/u8:7-ev]
   86 root         0 IW   [kworker/u8:8]
   87 root         0 IW   [kworker/2:2-rcu]
   88 root         0 IW   [kworker/3:2-cgr]
   89 root         0 IW<  [kworker/R-raid5]
   90 root         0 IW<  [kworker/R-dm_bu]
   91 root         0 IW<  [kworker/R-mld]
   92 root         0 IW<  [kworker/0:1H]
   93 root         0 IW<  [kworker/R-ipv6_]
   94 root         0 IW   [kworker/0:2-cgr]
   95 root         0 IW<  [kworker/u9:0]
   99 root         0 IW<  [kworker/1:1H]
  100 root         0 SW   [jbd2/vda-8]
  101 root         0 IW<  [kworker/R-ext4-]
  103 root         0 IW   [kworker/1:2-mm_]
  105 root         0 IW<  [kworker/3:1H-kb]
  127 root     23104 S    /usr/lib/systemd/systemd-journald
  132 root         0 IW   [kworker/0:3-eve]
  141 root         0 IW   [kworker/1:3-pm]
  159 root     26276 S    /usr/lib/systemd/systemd-udevd
  198 messageb  7180 S    /usr/bin/dbus-daemon --system --address=systemd: --nofork --nopidfile --systemd-activ
  201 root      9564 S    /usr/sbin/ofonod -n
  203 pipewire 17032 S<   /usr/bin/pipewire
  206 root     14964 S    /usr/lib/systemd/systemd-logind
  213 systemd- 16472 S    /usr/lib/systemd/systemd-networkd
  214 root     14604 S    /usr/lib/systemd/systemd-userdbd
  225 root     15188 S    systemd-userwork: waiting...
  227 root     15400 S    systemd-userwork: waiting...
  228 root     15400 S    systemd-userwork: waiting...
  232 root     13032 S    /usr/sbin/connmand -n
  242 agl-driv  852m S    /usr/bin/agl-compositor --config /etc/xdg/weston/weston.ini --idle-time=0
  243 root      2528 S    /sbin/agetty -o -p -- \u --noclear - linux
  245 root      2572 S    /sbin/agetty -8 -L ttyS0 115200 linux
  247 root      5244 S    /bin/login --
  250 root     14360 S    /usr/sbin/wpa_supplicant -u
  256 agl-driv 17120 S    /usr/lib/systemd/systemd --user
  258 agl-driv 18472 S    (sd-pam)
  263 agl-driv 18404 S    (sd-pam)
  264 polkitd   435m S    /usr/lib/polkit-1/polkitd --no-debug
  289 agl-driv 1707m S    /usr/bin/flutter-auto -b /usr/share/flutter/agl-version-app/3.32.5/release --xdg-shel
  320 root     17124 S    /usr/lib/systemd/systemd --user
  322 root     17836 S    (sd-pam)
  327 root      4216 S    -sh
  332 root     92368 S    speaker-test -t sine -f 440 -l 1
  338 root     92368 S    speaker-test -t sine -f 440 -l 1
  347 root      4008 R    ps
root@qemux86-64:~# runqemu - INFO - Cleaning up
runqemu - INFO - Host uptime: 7372.40

[sudo] password for abdu: 
abdu@abdu-B450M-S2H:/media/abdu/LinuxHome/Embedded_Linux/git_ignoring/AGL/trout/build$ code 
abdu@abdu-B450M-S2H:/media/abdu/LinuxHome/Embedded_Linux/git_ignoring/AGL/trout/build$ QEMU_AUDIO_DRV=alsa runqemu qemux86-64 serial qemuparams="-device es1370"
runqemu - INFO - Running MACHINE=qemux86-64 bitbake -e  ...
runqemu - INFO - Overriding conf file setting of STAGING_DIR_NATIVE to /media/abdu/LinuxHome/Embedded_Linux/git_ignoring/AGL/trout/qemux86-64/tmp/work/corei7-64-agl-linux/defaultpkgname/1.0/recipe-sysroot-native from Bitbake environment
runqemu - INFO - Continuing with the following parameters:
KERNEL: [/media/abdu/LinuxHome/Embedded_Linux/git_ignoring/AGL/trout/qemux86-64/tmp/deploy/images/qemux86-64/bzImage]
MACHINE: [qemux86-64]
FSTYPE: [ext4]
ROOTFS: [/media/abdu/LinuxHome/Embedded_Linux/git_ignoring/AGL/trout/qemux86-64/tmp/deploy/images/qemux86-64/agl-image-flutter-qemux86-64.rootfs-20260311140524.ext4]
CONFFILE: [/media/abdu/LinuxHome/Embedded_Linux/git_ignoring/AGL/trout/qemux86-64/tmp/deploy/images/qemux86-64/agl-image-flutter-qemux86-64.rootfs-20260311140524.qemuboot.conf]

runqemu - INFO - Setting up tap interface under sudo
[sudo] password for abdu: 
runqemu - INFO - Network configuration: ip=192.168.7.2::192.168.7.1:255.255.255.0::eth0:off:8.8.8.8 net.ifnames=0
runqemu - INFO - Interrupt character is '^]'
runqemu - INFO - Running /media/abdu/LinuxHome/Embedded_Linux/git_ignoring/AGL/trout/qemux86-64/tmp/work/x86_64-linux/qemu-helper-native/1.0/recipe-sysroot-native/usr/bin/qemu-system-x86_64 -device virtio-net-pci,netdev=net0,mac=52:54:00:12:34:02 -netdev tap,id=net0,ifname=tap0,script=no,downscript=no -object rng-random,filename=/dev/urandom,id=rng0 -device virtio-rng-pci,rng=rng0 -drive file=/media/abdu/LinuxHome/Embedded_Linux/git_ignoring/AGL/trout/qemux86-64/tmp/deploy/images/qemux86-64/agl-image-flutter-qemux86-64.rootfs-20260311140524.ext4,if=virtio,format=raw -vga vmware -display default,show-cursor=on -usb -device usb-tablet -device virtio-rng-pci -vga virtio  -machine q35 -cpu qemu64,+ssse3,+sse4.1,+sse4.2,+popcnt -smp 4 -m 2048  -device es1370 -serial mon:vc -serial mon:stdio -serial null -device virtio-vga  -display sdl,show-cursor=on  -kernel /media/abdu/LinuxHome/Embedded_Linux/git_ignoring/AGL/trout/qemux86-64/tmp/deploy/images/qemux86-64/bzImage -append 'root=/dev/vda rw  ip=192.168.7.2::192.168.7.1:255.255.255.0::eth0:off:8.8.8.8 net.ifnames=0 console=ttyS0 console=ttyS1 oprofile.timer=1 tsc=reliable no_timer_check rcupdate.rcu_expedited=1 console=ttyS0,115200n8 quiet swiotlb=0 '

runqemu - INFO - Host uptime: 18681.91


Automotive Grade Linux 20.0.4 qemux86-64 ttyS1

qemux86-64 login: root
root@qemux86-64:~# ps aux | grep qemu
ps: invalid option -- 'a'
BusyBox v1.36.1 () multi-call binary.

Usage: ps
root@qemux86-64:~# ps aux |^Crep qemu
root@qemux86-64:~# aplay -l
**** List of PLAYBACK Hardware Devices ****
card 0: AudioPCI [Ensoniq AudioPCI], device 0: ES1370/1 [ES1370 DAC2/ADC]
  Subdevices: 1/1
  Subdevice #0: subdevice #0
card 0: AudioPCI [Ensoniq AudioPCI], device 1: ES1370/2 [ES1370 DAC1]
  Subdevices: 1/1
  Subdevice #0: subdevice #0
root@qemux86-64:~# cat /proc/asound/cards
 0 [AudioPCI       ]: ENS1370 - Ensoniq AudioPCI
                      Ensoniq AudioPCI ENS1370 at 0xc000, irq 21
root@qemux86-64:~# systemctl status pipewire.
Unit pipewire..service could not be found.
root@qemux86-64:~# systemctl status pipewire 
* pipewire.service - PipeWire Multimedia Service
     Loaded: loaded (/usr/lib/systemd/system/pipewire.service; enabled; preset: enabled)
     Active: active (running) since Wed 2026-03-11 18:44:43 UTC; 4min 35s ago
TriggeredBy: * pipewire.socket
             * pipewire-manager.socket
   Main PID: 208 (pipewire)
      Tasks: 2 (limit: 2367)
     Memory: 4.1M (peak: 4.3M)
        CPU: 687ms
     CGroup: /system.slice/pipewire.service
             `-208 /usr/bin/pipewire

Mar 11 18:44:43 qemux86-64 systemd[1]: Started PipeWire Multimedia Service.
Mar 11 18:44:45 qemux86-64 pipewire[208]: spa.dbus: Failed to connect to session bus: Using X11 for dbu...instead
Mar 11 18:44:45 qemux86-64 pipewire[208]: mod.portal: Failed to connect to session bus: Input/output error
Hint: Some lines were ellipsized, use -l to show in full.
root@qemux86-64:~# systemctl status pipewire-pulse
Unit pipewire-pulse.service could not be found.
root@qemux86-64:~# systemctl status pipewire-pulse
Unit pipewire-pulse.service could not be found.
root@qemux86-64:~# ALSA_PCM_CARD=0 speaker-test -D hw:0,0 -t sine -f 440 -l 1

speaker-test 1.2.11

Playback device is hw:0,0
Stream parameters are 48000Hz, S16_LE, 1 channels
Sine wave rate is 440.0000Hz
Rate set to 48000Hz (requested 48000Hz)
Buffer size range from 32 to 32768
Period size range from 32 to 32768
Periods = 4
was set period_size = 12000
was set buffer_size = 32768
 0 - Mono
Time per period = 2.466723
root@qemux86-64:~# ALSA_PCM_CARD=0 speaker-test -D hw:0,0 -t sine -f 440 -l 1

speaker-test 1.2.11

Playback device is hw:0,0
Stream parameters are 48000Hz, S16_LE, 1 channels
Sine wave rate is 440.0000Hz
Rate set to 48000Hz (requested 48000Hz)
Buffer size range from 32 to 32768
Period size range from 32 to 32768
Periods = 4
was set period_size = 12000
was set buffer_size = 32768
 0 - Mono
Time per period = 2.471867
root@qemux86-64:~# systemctl status pipewire
* pipewire.service - PipeWire Multimedia Service
     Loaded: loaded (/usr/lib/systemd/system/pipewire.service; enabled; preset: enabled)
     Active: active (running) since Wed 2026-03-11 18:44:43 UTC; 6min ago
TriggeredBy: * pipewire.socket
             * pipewire-manager.socket
   Main PID: 208 (pipewire)
      Tasks: 2 (limit: 2367)
     Memory: 4.1M (peak: 4.3M)
        CPU: 687ms
     CGroup: /system.slice/pipewire.service
             `-208 /usr/bin/pipewire

Mar 11 18:44:43 qemux86-64 systemd[1]: Started PipeWire Multimedia Service.
Mar 11 18:44:45 qemux86-64 pipewire[208]: spa.dbus: Failed to connect to session bus: Using X11 for dbu...instead
Mar 11 18:44:45 qemux86-64 pipewire[208]: mod.portal: Failed to connect to session bus: Input/output error
Hint: Some lines were ellipsized, use -l to show in full.
root@qemux86-64:~# ALSA_PCM_CARD=0 speaker-test -D hw:0,0 -t sine -f 440 -l 1Mar 11 18:44:43 qemux86-64 systemd[1]: Started PipeWire Multimedia Service.

speaker-test 1.2.11

Playback device is hw:0,0
Stream parameters are 48000Hz, S16_LE, 1 channels
Sine wave rate is 440.0000Hz
Rate set to 48000Hz (requested 48000Hz)
Buffer size range from 32 to 32768
Period size range from 32 to 32768
Periods = 4
was set period_size = 12000
was set buffer_size = 32768
 0 - Mono
Time per period = 2.475918
^Croot@qemux86-64:~# Mar 11 18:44:43 qemux86-64 systemd[1]: Started PipeWire Multimedia Service.
-sh: Mar: command not found
root@qemux86-64:~# Mar 11 18:44:45 qemux86-64 pipewire[208]: spa.dbus: Failed to connect to session bus: Using X11 for dbu...instead
-sh: Mar: command not found
root@qemux86-64:~# Mar 11 18:44:45 qemux86-64 pipewire[208]: mod.portal: Failed to connect to session bus: Input/output error
-sh: Mar: command not found
root@qemux86-64:~# Hint: Some lines were ellipsized, use -l to show in full.
-sh: Hint:: command not found
root@qemux86-64:~# Hint: Some lines were ellipsized, use -l to show in full.^C
root@qemux86-64:~# ^C
root@qemux86-64:~# ^C
root@qemux86-64:~# echo $DBUS_SESSION_BUS_ADDRESS
unix:path=/run/user/0/bus
root@qemux86-64:~# systemctl --user restart pipewire
Failed to restart pipewire.service: Unit pipewire.service not found.
root@qemux86-64:~# systemctl --user restart pipewire-pulse
Failed to restart pipewire-pulse.service: Unit pipewire-pulse.service not found.
root@qemux86-64:~# systemctl --user restart wireplumber
Failed to restart wireplumber.service: Unit pipewire.service not found.
root@qemux86-64:~# systemctl restart pipewire
root@qemux86-64:~# systemctl restart  pipewire-pulse
Failed to restart pipewire-pulse.service: Unit pipewire-pulse.service not found.
root@qemux86-64:~# systemctl  restart wireplumber
Failed to restart wireplumber.service: Unit wireplumber.service is masked.
root@qemux86-64:~# systemctl status pipewire
* pipewire.service - PipeWire Multimedia Service
     Loaded: loaded (/usr/lib/systemd/system/pipewire.service; enabled; preset: enabled)
     Active: active (running) since Wed 2026-03-11 18:52:56 UTC; 49s ago
TriggeredBy: * pipewire.socket
             * pipewire-manager.socket
   Main PID: 366 (pipewire)
      Tasks: 2 (limit: 2367)
     Memory: 1.2M (peak: 1.7M)
        CPU: 477ms
     CGroup: /system.slice/pipewire.service
             `-366 /usr/bin/pipewire

Mar 11 18:52:56 qemux86-64 systemd[1]: Started PipeWire Multimedia Service.
Mar 11 18:52:56 qemux86-64 pipewire[366]: spa.dbus: Failed to connect to session bus: Using X11 for dbu...instead
Mar 11 18:52:56 qemux86-64 pipewire[366]: mod.portal: Failed to connect to session bus: Input/output error
Hint: Some lines were ellipsized, use -l to show in full.
root@qemux86-64:~# systemctl unmask wireplumber
Removed "/etc/systemd/system/wireplumber.service".
root@qemux86-64:~# systemctl start wireplumber
root@qemux86-64:~# systemctl status wireplumber
* wireplumber.service - Multimedia Service Session Manager
     Loaded: loaded (/usr/lib/systemd/system/wireplumber.service; disabled; preset: disabled)
     Active: active (running) since Wed 2026-03-11 18:55:52 UTC; 2s ago
   Main PID: 409 (wireplumber)
      Tasks: 7 (limit: 2367)
     Memory: 9.3M (peak: 9.8M)
        CPU: 1.833s
     CGroup: /system.slice/wireplumber.service
             `-409 /usr/bin/wireplumber -p main-systemwide

Mar 11 18:55:52 qemux86-64 systemd[1]: Started Multimedia Service Session Manager.
Mar 11 18:55:52 qemux86-64 wireplumber[409]: wp-internal-comp-loader: Loading profile 'main-systemwide'
Mar 11 18:55:52 qemux86-64 wireplumber[409]: wp-state: failed to create directory /.local/state/wireplum...denied
Mar 11 18:55:52 qemux86-64 wireplumber[409]: wp-state: failed to create directory /.local/state/wireplum...denied
Mar 11 18:55:52 qemux86-64 wireplumber[409]: wp-state: failed to create directory /.local/state/wireplum...denied
Mar 11 18:55:52 qemux86-64 wireplumber[409]: wp-state: failed to create directory /.local/state/wireplum...denied
Mar 11 18:55:52 qemux86-64 wireplumber[409]: wp-state: failed to create directory /.local/state/wireplum...denied
Mar 11 18:55:53 qemux86-64 wireplumber[409]: wp-state: failed to create directory /.local/state/wireplum...denied
Mar 11 18:55:53 qemux86-64 wireplumber[409]: default: Failed to get percentage from UPower: org.freedesk...oOwner
Mar 11 18:55:54 qemux86-64 wireplumber[409]: spa.bluez5: BlueZ system service is not available
Mar 11 18:55:54 qemux86-64 wireplumber[409]: wp-device: SPA handle 'api.libcamera.enum.manager' could no...alled?
Mar 11 18:55:54 qemux86-64 wireplumber[409]: s-monitors-libcamera: PipeWire's libcamera SPA plugin is mi...orted.
Hint: Some lines were ellipsized, use -l to show in full.
root@qemux86-64:~# systemctl status pipewire-manager.socket
* pipewire-manager.socket - PipeWire Multimedia System Manager Socket
     Loaded: loaded (/usr/lib/systemd/system/pipewire-manager.socket; enabled; preset: disabled)
     Active: active (running) since Wed 2026-03-11 18:44:43 UTC; 11min ago
   Triggers: * pipewire.service
     Listen: /run/pipewire/pipewire-0-manager (Stream)
      Tasks: 0 (limit: 2367)
     Memory: 0B (peak: 360.0K)
        CPU: 33ms
     CGroup: /system.slice/pipewire-manager.socket

Mar 11 18:44:43 qemux86-64 systemd[1]: Starting PipeWire Multimedia System Manager Socket...
Mar 11 18:44:43 qemux86-64 systemd[1]: Listening on PipeWire Multimedia System Manager Socket.
root@qemux86-64:~# systemctl status pipewire-manager
Unit pipewire-manager.service could not be found.
root@qemux86-64:~# systemctl list-units | grep -i pipe
  pipewire.service                                                                    loaded active running   PipeWire Multimedia Service
  pipewire-manager.socket                                                             loaded active running   PipeWire Multimedia System Manager Socket
  pipewire.socket                                                                     loaded active running   PipeWire Multimedia System Socket
  systemd-initctl.socket                                                              loaded active listening initctl Compatibility Named Pipe
root@qemux86-64:~# systemctl list-units | grep -i wire
  pipewire.service                                                                    loaded active running   PipeWire Multimedia Service
  wireplumber.service                                                                 loaded active running   Multimedia Service Session Manager
  pipewire-manager.socket                                                             loaded active running   PipeWire Multimedia System Manager Socket
  pipewire.socket                                                                     loaded active running   PipeWire Multimedia System Socket
root@qemux86-64:~# Mar 11 18:44:43 qemux86-64 systemd[1]: Started PipeWire Multimedia Service.^C
root@qemux86-64:~# aplay -l
**** List of PLAYBACK Hardware Devices ****
card 0: AudioPCI [Ensoniq AudioPCI], device 0: ES1370/1 [ES1370 DAC2/ADC]
  Subdevices: 1/1
  Subdevice #0: subdevice #0
card 0: AudioPCI [Ensoniq AudioPCI], device 1: ES1370/2 [ES1370 DAC1]
  Subdevices: 1/1
  Subdevice #0: subdevice #0
root@qemux86-64:~# speaker-test -t sine -f 440 -l 1

speaker-test 1.2.11

Playback device is default
Stream parameters are 48000Hz, S16_LE, 1 channels
Sine wave rate is 440.0000Hz
Rate set to 48000Hz (requested 48000Hz)
Buffer size range from 128 to 2097152
Period size range from 64 to 1048576
Periods = 4
was set period_size = 12000
was set buffer_size = 48000
 0 - Mono
Time per period = 2.027635
root@qemux86-64:~# speaker-test -t sine -f 440 -l 1

speaker-test 1.2.11

Playback device is default
Stream parameters are 48000Hz, S16_LE, 1 channels
Sine wave rate is 440.0000Hz
Rate set to 48000Hz (requested 48000Hz)
Buffer size range from 128 to 2097152
Period size range from 64 to 1048576
Periods = 4
was set period_size = 12000
was set buffer_size = 48000
 0 - Mono
Time per period = 2.012171
root@qemux86-64:~# ps aux | grep qemu | grep -v grep
ps: invalid option -- 'a'
BusyBox v1.36.1 () multi-call binary.

Usage: ps
root@qemux86-64:~# runqemu - INFO - Cleaning up
runqemu - INFO - Host uptime: 19570.48

abdu@abdu-B450M-S2H:/media/abdu/LinuxHome/Embedded_Linux/git_ignoring/AGL/trout/build$ runqemu qemux86-64 serial qemuparams="-device es1370,audiodev=snd0 -audiodev pa,id=snd0"
runqemu - INFO - Running MACHINE=qemux86-64 bitbake -e  ...
runqemu - INFO - Overriding conf file setting of STAGING_DIR_NATIVE to /media/abdu/LinuxHome/Embedded_Linux/git_ignoring/AGL/trout/qemux86-64/tmp/work/corei7-64-agl-linux/defaultpkgname/1.0/recipe-sysroot-native from Bitbake environment
runqemu - INFO - Continuing with the following parameters:
KERNEL: [/media/abdu/LinuxHome/Embedded_Linux/git_ignoring/AGL/trout/qemux86-64/tmp/deploy/images/qemux86-64/bzImage]
MACHINE: [qemux86-64]
FSTYPE: [ext4]
ROOTFS: [/media/abdu/LinuxHome/Embedded_Linux/git_ignoring/AGL/trout/qemux86-64/tmp/deploy/images/qemux86-64/agl-image-flutter-qemux86-64.rootfs-20260311140524.ext4]
CONFFILE: [/media/abdu/LinuxHome/Embedded_Linux/git_ignoring/AGL/trout/qemux86-64/tmp/deploy/images/qemux86-64/agl-image-flutter-qemux86-64.rootfs-20260311140524.qemuboot.conf]

runqemu - INFO - Setting up tap interface under sudo
runqemu - INFO - Network configuration: ip=192.168.7.2::192.168.7.1:255.255.255.0::eth0:off:8.8.8.8 net.ifnames=0
runqemu - INFO - Interrupt character is '^]'
runqemu - INFO - Running /media/abdu/LinuxHome/Embedded_Linux/git_ignoring/AGL/trout/qemux86-64/tmp/work/x86_64-linux/qemu-helper-native/1.0/recipe-sysroot-native/usr/bin/qemu-system-x86_64 -device virtio-net-pci,netdev=net0,mac=52:54:00:12:34:02 -netdev tap,id=net0,ifname=tap0,script=no,downscript=no -object rng-random,filename=/dev/urandom,id=rng0 -device virtio-rng-pci,rng=rng0 -drive file=/media/abdu/LinuxHome/Embedded_Linux/git_ignoring/AGL/trout/qemux86-64/tmp/deploy/images/qemux86-64/agl-image-flutter-qemux86-64.rootfs-20260311140524.ext4,if=virtio,format=raw -vga vmware -display default,show-cursor=on -usb -device usb-tablet -device virtio-rng-pci -vga virtio  -machine q35 -cpu qemu64,+ssse3,+sse4.1,+sse4.2,+popcnt -smp 4 -m 2048  -device es1370,audiodev=snd0 -audiodev pa,id=snd0 -serial mon:vc -serial mon:stdio -serial null -device virtio-vga  -display sdl,show-cursor=on  -kernel /media/abdu/LinuxHome/Embedded_Linux/git_ignoring/AGL/trout/qemux86-64/tmp/deploy/images/qemux86-64/bzImage -append 'root=/dev/vda rw  ip=192.168.7.2::192.168.7.1:255.255.255.0::eth0:off:8.8.8.8 net.ifnames=0 console=ttyS0 console=ttyS1 oprofile.timer=1 tsc=reliable no_timer_check rcupdate.rcu_expedited=1 console=ttyS0,115200n8 quiet swiotlb=0 '

runqemu - INFO - Host uptime: 19576.52

runqemu - ERROR - Failed to run qemu: qemu-system-x86_64: -audiodev pa,id=snd0: Parameter 'driver' does not accept value 'pa'

runqemu - INFO - Cleaning up
runqemu - INFO - Host uptime: 19576.53

abdu@abdu-B450M-S2H:/media/abdu/LinuxHome/Embedded_Linux/git_ignoring/AGL/trout/build$ runqemu qemux86-64 serial qemuparams="-device es1370,audiodev=snd0 -audiodev sdl,id=snd0"
runqemu - INFO - Running MACHINE=qemux86-64 bitbake -e  ...
runqemu - INFO - Overriding conf file setting of STAGING_DIR_NATIVE to /media/abdu/LinuxHome/Embedded_Linux/git_ignoring/AGL/trout/qemux86-64/tmp/work/corei7-64-agl-linux/defaultpkgname/1.0/recipe-sysroot-native from Bitbake environment
runqemu - INFO - Continuing with the following parameters:
KERNEL: [/media/abdu/LinuxHome/Embedded_Linux/git_ignoring/AGL/trout/qemux86-64/tmp/deploy/images/qemux86-64/bzImage]
MACHINE: [qemux86-64]
FSTYPE: [ext4]
ROOTFS: [/media/abdu/LinuxHome/Embedded_Linux/git_ignoring/AGL/trout/qemux86-64/tmp/deploy/images/qemux86-64/agl-image-flutter-qemux86-64.rootfs-20260311140524.ext4]
CONFFILE: [/media/abdu/LinuxHome/Embedded_Linux/git_ignoring/AGL/trout/qemux86-64/tmp/deploy/images/qemux86-64/agl-image-flutter-qemux86-64.rootfs-20260311140524.qemuboot.conf]

runqemu - INFO - Setting up tap interface under sudo
runqemu - INFO - Network configuration: ip=192.168.7.2::192.168.7.1:255.255.255.0::eth0:off:8.8.8.8 net.ifnames=0
runqemu - INFO - Interrupt character is '^]'
runqemu - INFO - Running /media/abdu/LinuxHome/Embedded_Linux/git_ignoring/AGL/trout/qemux86-64/tmp/work/x86_64-linux/qemu-helper-native/1.0/recipe-sysroot-native/usr/bin/qemu-system-x86_64 -device virtio-net-pci,netdev=net0,mac=52:54:00:12:34:02 -netdev tap,id=net0,ifname=tap0,script=no,downscript=no -object rng-random,filename=/dev/urandom,id=rng0 -device virtio-rng-pci,rng=rng0 -drive file=/media/abdu/LinuxHome/Embedded_Linux/git_ignoring/AGL/trout/qemux86-64/tmp/deploy/images/qemux86-64/agl-image-flutter-qemux86-64.rootfs-20260311140524.ext4,if=virtio,format=raw -vga vmware -display default,show-cursor=on -usb -device usb-tablet -device virtio-rng-pci -vga virtio  -machine q35 -cpu qemu64,+ssse3,+sse4.1,+sse4.2,+popcnt -smp 4 -m 2048  -device es1370,audiodev=snd0 -audiodev sdl,id=snd0 -serial mon:vc -serial mon:stdio -serial null -device virtio-vga  -display sdl,show-cursor=on  -kernel /media/abdu/LinuxHome/Embedded_Linux/git_ignoring/AGL/trout/qemux86-64/tmp/deploy/images/qemux86-64/bzImage -append 'root=/dev/vda rw  ip=192.168.7.2::192.168.7.1:255.255.255.0::eth0:off:8.8.8.8 net.ifnames=0 console=ttyS0 console=ttyS1 oprofile.timer=1 tsc=reliable no_timer_check rcupdate.rcu_expedited=1 console=ttyS0,115200n8 quiet swiotlb=0 '

runqemu - INFO - Host uptime: 19617.05

runqemu - ERROR - Failed to run qemu: qemu-system-x86_64: SDL failed to initialize audio subsystem

runqemu - INFO - Cleaning up
runqemu - INFO - Host uptime: 19617.07

abdu@abdu-B450M-S2H:/media/abdu/LinuxHome/Embedded_Linux/git_ignoring/AGL/trout/build$ runqemu qemux86-64 serial qemuparams="-device es1370,audiodev=snd0 -audiodev alsa,id=snd0"
runqemu - INFO - Running MACHINE=qemux86-64 bitbake -e  ...
runqemu - INFO - Overriding conf file setting of STAGING_DIR_NATIVE to /media/abdu/LinuxHome/Embedded_Linux/git_ignoring/AGL/trout/qemux86-64/tmp/work/corei7-64-agl-linux/defaultpkgname/1.0/recipe-sysroot-native from Bitbake environment
runqemu - INFO - Continuing with the following parameters:
KERNEL: [/media/abdu/LinuxHome/Embedded_Linux/git_ignoring/AGL/trout/qemux86-64/tmp/deploy/images/qemux86-64/bzImage]
MACHINE: [qemux86-64]
FSTYPE: [ext4]
ROOTFS: [/media/abdu/LinuxHome/Embedded_Linux/git_ignoring/AGL/trout/qemux86-64/tmp/deploy/images/qemux86-64/agl-image-flutter-qemux86-64.rootfs-20260311140524.ext4]
CONFFILE: [/media/abdu/LinuxHome/Embedded_Linux/git_ignoring/AGL/trout/qemux86-64/tmp/deploy/images/qemux86-64/agl-image-flutter-qemux86-64.rootfs-20260311140524.qemuboot.conf]

runqemu - INFO - Setting up tap interface under sudo
runqemu - INFO - Network configuration: ip=192.168.7.2::192.168.7.1:255.255.255.0::eth0:off:8.8.8.8 net.ifnames=0
runqemu - INFO - Interrupt character is '^]'
runqemu - INFO - Running /media/abdu/LinuxHome/Embedded_Linux/git_ignoring/AGL/trout/qemux86-64/tmp/work/x86_64-linux/qemu-helper-native/1.0/recipe-sysroot-native/usr/bin/qemu-system-x86_64 -device virtio-net-pci,netdev=net0,mac=52:54:00:12:34:02 -netdev tap,id=net0,ifname=tap0,script=no,downscript=no -object rng-random,filename=/dev/urandom,id=rng0 -device virtio-rng-pci,rng=rng0 -drive file=/media/abdu/LinuxHome/Embedded_Linux/git_ignoring/AGL/trout/qemux86-64/tmp/deploy/images/qemux86-64/agl-image-flutter-qemux86-64.rootfs-20260311140524.ext4,if=virtio,format=raw -vga vmware -display default,show-cursor=on -usb -device usb-tablet -device virtio-rng-pci -vga virtio  -machine q35 -cpu qemu64,+ssse3,+sse4.1,+sse4.2,+popcnt -smp 4 -m 2048  -device es1370,audiodev=snd0 -audiodev alsa,id=snd0 -serial mon:vc -serial mon:stdio -serial null -device virtio-vga  -display sdl,show-cursor=on  -kernel /media/abdu/LinuxHome/Embedded_Linux/git_ignoring/AGL/trout/qemux86-64/tmp/deploy/images/qemux86-64/bzImage -append 'root=/dev/vda rw  ip=192.168.7.2::192.168.7.1:255.255.255.0::eth0:off:8.8.8.8 net.ifnames=0 console=ttyS0 console=ttyS1 oprofile.timer=1 tsc=reliable no_timer_check rcupdate.rcu_expedited=1 console=ttyS0,115200n8 quiet swiotlb=0 '

runqemu - INFO - Host uptime: 19624.69


Automotive Grade Linux 20.0.4 qemux86-64 ttyS1

qemux86-64 login: root
root@qemux86-64:~# runqemu - INFO - Cleaning up
runqemu - INFO - Host uptime: 19717.73

abdu@abdu-B450M-S2H:/media/abdu/LinuxHome/Embedded_Linux/git_ignoring/AGL/trout/build$ ls tmp/
abi_version  cache  hosttools  log  saved_tmpdir  sstate-control  work
abdu@abdu-B450M-S2H:/media/abdu/LinuxHome/Embedded_Linux/git_ignoring/AGL/trout/build$ cp ~/Downloads/
agl-ivi-demo-qt-raspberrypi4-64.wic.xz              img.jpg
bzImage                                             .org.chromium.Chromium.x8iR8s
flutter_linux_3.41.4-stable.tar.xz                  super-mario-death-sound-sound-effect.mp3
go/                                                 Tramigo_TF220_TF290_TFP_Communication_Protocol.pdf
abdu@abdu-B450M-S2H:/media/abdu/LinuxHome/Embedded_Linux/git_ignoring/AGL/trout/build$ cp ~/Downloads/super-mario-death-sound-sound-effect.mp3 ./tmp/qemu-audio.wav
abdu@abdu-B450M-S2H:/media/abdu/LinuxHome/Embedded_Linux/git_ignoring/AGL/trout/build$ cp ~/Downloads/super-mario-death-sound-sound-effect.mp3 ./tmp/qemu-audio.mp3
abdu@abdu-B450M-S2H:/media/abdu/LinuxHome/Embedded_Linux/git_ignoring/AGL/trout/build$ ls tmp/runqemu qemux86-64 serial qemuparams="-device es1370,audiodev=snd0 -audiodev wav,id=snd0,path=/tmp/qemu-audio.wav"^C
abdu@abdu-B450M-S2H:/media/abdu/LinuxHome/Embedded_Linux/git_ignoring/AGL/trout/build$ ^C
abdu@abdu-B450M-S2H:/media/abdu/LinuxHome/Embedded_Linux/git_ignoring/AGL/trout/build$ runqemu qemux86-64 serial qemuparams="-device es1370,audiodev=snd0 -audiodev wav,id=snd0,path=/tmp/qemu-audio.wav"
runqemu - INFO - Running MACHINE=qemux86-64 bitbake -e  ...
runqemu - INFO - Overriding conf file setting of STAGING_DIR_NATIVE to /media/abdu/LinuxHome/Embedded_Linux/git_ignoring/AGL/trout/qemux86-64/tmp/work/corei7-64-agl-linux/defaultpkgname/1.0/recipe-sysroot-native from Bitbake environment
runqemu - INFO - Continuing with the following parameters:
KERNEL: [/media/abdu/LinuxHome/Embedded_Linux/git_ignoring/AGL/trout/qemux86-64/tmp/deploy/images/qemux86-64/bzImage]
MACHINE: [qemux86-64]
FSTYPE: [ext4]
ROOTFS: [/media/abdu/LinuxHome/Embedded_Linux/git_ignoring/AGL/trout/qemux86-64/tmp/deploy/images/qemux86-64/agl-image-flutter-qemux86-64.rootfs-20260311140524.ext4]
CONFFILE: [/media/abdu/LinuxHome/Embedded_Linux/git_ignoring/AGL/trout/qemux86-64/tmp/deploy/images/qemux86-64/agl-image-flutter-qemux86-64.rootfs-20260311140524.qemuboot.conf]

runqemu - INFO - Setting up tap interface under sudo
runqemu - INFO - Network configuration: ip=192.168.7.2::192.168.7.1:255.255.255.0::eth0:off:8.8.8.8 net.ifnames=0
runqemu - INFO - Interrupt character is '^]'
runqemu - INFO - Running /media/abdu/LinuxHome/Embedded_Linux/git_ignoring/AGL/trout/qemux86-64/tmp/work/x86_64-linux/qemu-helper-native/1.0/recipe-sysroot-native/usr/bin/qemu-system-x86_64 -device virtio-net-pci,netdev=net0,mac=52:54:00:12:34:02 -netdev tap,id=net0,ifname=tap0,script=no,downscript=no -object rng-random,filename=/dev/urandom,id=rng0 -device virtio-rng-pci,rng=rng0 -drive file=/media/abdu/LinuxHome/Embedded_Linux/git_ignoring/AGL/trout/qemux86-64/tmp/deploy/images/qemux86-64/agl-image-flutter-qemux86-64.rootfs-20260311140524.ext4,if=virtio,format=raw -vga vmware -display default,show-cursor=on -usb -device usb-tablet -device virtio-rng-pci -vga virtio  -machine q35 -cpu qemu64,+ssse3,+sse4.1,+sse4.2,+popcnt -smp 4 -m 2048  -device es1370,audiodev=snd0 -audiodev wav,id=snd0,path=/tmp/qemu-audio.wav -serial mon:vc -serial mon:stdio -serial null -device virtio-vga  -display sdl,show-cursor=on  -kernel /media/abdu/LinuxHome/Embedded_Linux/git_ignoring/AGL/trout/qemux86-64/tmp/deploy/images/qemux86-64/bzImage -append 'root=/dev/vda rw  ip=192.168.7.2::192.168.7.1:255.255.255.0::eth0:off:8.8.8.8 net.ifnames=0 console=ttyS0 console=ttyS1 oprofile.timer=1 tsc=reliable no_timer_check rcupdate.rcu_expedited=1 console=ttyS0,115200n8 quiet swiotlb=0 '

runqemu - INFO - Host uptime: 19783.06


Automotive Grade Linux 20.0.4 qemux86-64 ttyS1

qemux86-64 login: root
root@qemux86-64:~# ls -lh /tmp/qemu-audio.wav
ls: /tmp/qemu-audio.wav: No such file or directory
root@qemux86-64:~# aplay -l
**** List of PLAYBACK Hardware Devices ****
card 0: AudioPCI [Ensoniq AudioPCI], device 0: ES1370/1 [ES1370 DAC2/ADC]
  Subdevices: 1/1
  Subdevice #0: subdevice #0
card 0: AudioPCI [Ensoniq AudioPCI], device 1: ES1370/2 [ES1370 DAC1]
  Subdevices: 1/1
  Subdevice #0: subdevice #0
root@qemux86-64:~# speaker-test -t sine -f 440 -l 1

speaker-test 1.2.11

Playback device is default
Stream parameters are 48000Hz, S16_LE, 1 channels
Sine wave rate is 440.0000Hz
Rate set to 48000Hz (requested 48000Hz)
Buffer size range from 128 to 2097152
Period size range from 64 to 1048576
Periods = 4
runqemu - INFO - Cleaning up
runqemu - INFO - Host uptime: 19889.01

abdu@abdu-B450M-S2H:/media/abdu/LinuxHome/Embedded_Linux/git_ignoring/AGL/trout/build$ runqemu qemux86-64 serial qemuparams="-device es1370,audiodev=snd0 -audiodev wav,id=snd0,path=/tmp/qemu-audio.wav"
runqemu - INFO - Running MACHINE=qemux86-64 bitbake -e  ...
runqemu - INFO - Overriding conf file setting of STAGING_DIR_NATIVE to /media/abdu/LinuxHome/Embedded_Linux/git_ignoring/AGL/trout/qemux86-64/tmp/work/corei7-64-agl-linux/defaultpkgname/1.0/recipe-sysroot-native from Bitbake environment
runqemu - INFO - Continuing with the following parameters:
KERNEL: [/media/abdu/LinuxHome/Embedded_Linux/git_ignoring/AGL/trout/qemux86-64/tmp/deploy/images/qemux86-64/bzImage]
MACHINE: [qemux86-64]
FSTYPE: [ext4]
ROOTFS: [/media/abdu/LinuxHome/Embedded_Linux/git_ignoring/AGL/trout/qemux86-64/tmp/deploy/images/qemux86-64/agl-image-flutter-qemux86-64.rootfs-20260311140524.ext4]
CONFFILE: [/media/abdu/LinuxHome/Embedded_Linux/git_ignoring/AGL/trout/qemux86-64/tmp/deploy/images/qemux86-64/agl-image-flutter-qemux86-64.rootfs-20260311140524.qemuboot.conf]

runqemu - INFO - Setting up tap interface under sudo
runqemu - INFO - Network configuration: ip=192.168.7.2::192.168.7.1:255.255.255.0::eth0:off:8.8.8.8 net.ifnames=0
runqemu - INFO - Interrupt character is '^]'
runqemu - INFO - Running /media/abdu/LinuxHome/Embedded_Linux/git_ignoring/AGL/trout/qemux86-64/tmp/work/x86_64-linux/qemu-helper-native/1.0/recipe-sysroot-native/usr/bin/qemu-system-x86_64 -device virtio-net-pci,netdev=net0,mac=52:54:00:12:34:02 -netdev tap,id=net0,ifname=tap0,script=no,downscript=no -object rng-random,filename=/dev/urandom,id=rng0 -device virtio-rng-pci,rng=rng0 -drive file=/media/abdu/LinuxHome/Embedded_Linux/git_ignoring/AGL/trout/qemux86-64/tmp/deploy/images/qemux86-64/agl-image-flutter-qemux86-64.rootfs-20260311140524.ext4,if=virtio,format=raw -vga vmware -display default,show-cursor=on -usb -device usb-tablet -device virtio-rng-pci -vga virtio  -machine q35 -cpu qemu64,+ssse3,+sse4.1,+sse4.2,+popcnt -smp 4 -m 2048  -device es1370,audiodev=snd0 -audiodev wav,id=snd0,path=/tmp/qemu-audio.wav -serial mon:vc -serial mon:stdio -serial null -device virtio-vga  -display sdl,show-cursor=on  -kernel /media/abdu/LinuxHome/Embedded_Linux/git_ignoring/AGL/trout/qemux86-64/tmp/deploy/images/qemux86-64/bzImage -append 'root=/dev/vda rw  ip=192.168.7.2::192.168.7.1:255.255.255.0::eth0:off:8.8.8.8 net.ifnames=0 console=ttyS0 console=ttyS1 oprofile.timer=1 tsc=reliable no_timer_check rcupdate.rcu_expedited=1 console=ttyS0,115200n8 quiet swiotlb=0 '

runqemu - INFO - Host uptime: 19893.93


Automotive Grade Linux 20.0.4 qemux86-64 ttyS1

qemux86-64 login: root
root@qemux86-64:~# root@qemux86-64:~# aplay -l
-sh: root@qemux86-64:~#: command not found
root@qemux86-64:~# **** List of PLAYBACK Hardware Devices ****
-sh: ****: command not found
root@qemux86-64:~# card 0: AudioPCI [Ensoniq AudioPCI], device 0: ES1370/1 [ES1370 DAC2/ADC]
-sh: card: command not found
root@qemux86-64:~#   Subdevices: 1/1
-sh: Subdevices:: command not found
root@qemux86-64:~#   Subdevice #0: subdevice #0
-sh: Subdevice: command not found
root@qemux86-64:~# card 0: AudioPCI [Ensoniq AudioPCI], device 1: ES1370/2 [ES1370 DAC1]
-sh: card: command not found
root@qemux86-64:~#   Subdevices: 1/1
-sh: Subdevices:: command not found
root@qemux86-64:~#   Subdevice #0: subdevice #0
-sh: Subdevice: command not found
root@qemux86-64:~# 
root@qemux86-64:~# speaker-test -D hw:0,0 -t sine -f 440 -l 1

speaker-test 1.2.11

Playback device is hw:0,0
Stream parameters are 48000Hz, S16_LE, 1 channels
Sine wave rate is 440.0000Hz
Rate set to 48000Hz (requested 48000Hz)
Buffer size range from 32 to 32768
Period size range from 32 to 32768
Periods = 4
was set period_size = 12000
was set buffer_size = 32768
 0 - Mono
Time per period = 2.465879
root@qemux86-64:~# speaker-test -D hw:0,1 -t sine -f 440 -l 1

speaker-test 1.2.11

Playback device is hw:0,1
Stream parameters are 48000Hz, S16_LE, 1 channels
Sine wave rate is 440.0000Hz
Rate 48000Hz not available for playback: Invalid argument
Setting of hwparams failed: Invalid argument
root@qemux86-64:~# aplay -l
**** List of PLAYBACK Hardware Devices ****
card 0: AudioPCI [Ensoniq AudioPCI], device 0: ES1370/1 [ES1370 DAC2/ADC]
  Subdevices: 1/1
  Subdevice #0: subdevice #0
card 0: AudioPCI [Ensoniq AudioPCI], device 1: ES1370/2 [ES1370 DAC1]
  Subdevices: 1/1
  Subdevice #0: subdevice #0
root@qemux86-64:~# speaker-test -D hw:0,0 -t sine -f 440 -l 1

speaker-test 1.2.11

Playback device is hw:0,0
Stream parameters are 48000Hz, S16_LE, 1 channels
Sine wave rate is 440.0000Hz
Rate set to 48000Hz (requested 48000Hz)
Buffer size range from 32 to 32768
Period size range from 32 to 32768
Periods = 4
was set period_size = 12000
was set buffer_size = 32768
 0 - Mono
Time per period = 2.466885
root@qemux86-64:~# speaker-test -D hw:0,1 -t sine -f 440 -l 1

speaker-test 1.2.11

Playback device is hw:0,1
Stream parameters are 48000Hz, S16_LE, 1 channels
Sine wave rate is 440.0000Hz
Rate 48000Hz not available for playback: Invalid argument
Setting of hwparams failed: Invalid argument
root@qemux86-64:~# speaker-test -D hw:^C1 -t sine -f 440 -l 1
root@qemux86-64:~# runqemu - INFO - Cleaning up
runqemu - INFO - Host uptime: 20089.50

abdu@abdu-B450M-S2H:/media/abdu/LinuxHome/Embedded_Linux/git_ignoring/AGL/trout/build$ ls tmp/
abi_version  cache  hosttools  log  qemu-audio.mp3  qemu-audio.wav  saved_tmpdir  sstate-control  work
abdu@abdu-B450M-S2H:/media/abdu/LinuxHome/Embedded_Linux/git_ignoring/AGL/trout/build$ ap
apg                   applygnupgdefaults    appstreamcli          apt-config            apt-key
apgbfm                apport-bug            apropos               aptd                  apt-mark
aplay                 apport-cli            apt                   aptdcon               apt-sortpkgs
aplaymidi             apport-collect        apt-add-repository    apt-extracttemplates  apturl
apparmor_parser       apport-unpack         apt-cache             apt-ftparchive        apturl-gtk
apparmor_status       appres                apt-cdrom             apt-get               
abdu@abdu-B450M-S2H:/media/abdu/LinuxHome/Embedded_Linux/git_ignoring/AGL/trout/build$ aplay tmp/
abi_version     hosttools/      qemu-audio.mp3  saved_tmpdir    work/           
cache/          log/            qemu-audio.wav  sstate-control/ 
abdu@abdu-B450M-S2H:/media/abdu/LinuxHome/Embedded_Linux/git_ignoring/AGL/trout/build$ aplay tmp/qemu-audio.
tmp/qemu-audio.: No such file or directory
abdu@abdu-B450M-S2H:/media/abdu/LinuxHome/Embedded_Linux/git_ignoring/AGL/trout/build$ aplay tmp/qemu-audio.mp3 
Playing raw data 'tmp/qemu-audio.mp3' : Unsigned 8 bit, Rate 8000 Hz, Mono
^CAborted by signal Interrupt...
aplay: pcm_write:2127: write error: Interrupted system call
abdu@abdu-B450M-S2H:/media/abdu/LinuxHome/Embedded_Linux/git_ignoring/AGL/trout/build$ aplay tmp/qemu-audio.wav 
Playing raw data 'tmp/qemu-audio.wav' : Unsigned 8 bit, Rate 8000 Hz, Mono
^CAborted by signal Interrupt...
aplay: pcm_write:2127: write error: Interrupted system call
abdu@abdu-B450M-S2H:/media/abdu/LinuxHome/Embedded_Linux/git_ignoring/AGL/trout/build$ file-
file-open    file-roller  
abdu@abdu-B450M-S2H:/media/abdu/LinuxHome/Embedded_Linux/git_ignoring/AGL/trout/build$ file-open .
abdu@abdu-B450M-S2H:/media/abdu/LinuxHome/Embedded_Linux/git_ignoring/AGL/trout/build$ aplay /tmp/test.wav
This generate a weird sound on my machine 
While opennign the file normally does get me the sound it have !
/tmp/test.wav: No such file or directory
This: command not found
While: command not found
abdu@abdu-B450M-S2H:/media/abdu/LinuxHome/Embedded_Linux/git_ignoring/AGL/trout/build$ runqemu qemux86-64 serial qemuparams="-device es1370,audiodev=snd0 -audiodev alsa,id=snd0,out.dev=pulse"
runqemu - INFO - Running MACHINE=qemux86-64 bitbake -e  ...
runqemu - INFO - Overriding conf file setting of STAGING_DIR_NATIVE to /media/abdu/LinuxHome/Embedded_Linux/git_ignoring/AGL/trout/qemux86-64/tmp/work/corei7-64-agl-linux/defaultpkgname/1.0/recipe-sysroot-native from Bitbake environment
runqemu - INFO - Continuing with the following parameters:
KERNEL: [/media/abdu/LinuxHome/Embedded_Linux/git_ignoring/AGL/trout/qemux86-64/tmp/deploy/images/qemux86-64/bzImage]
MACHINE: [qemux86-64]
FSTYPE: [ext4]
ROOTFS: [/media/abdu/LinuxHome/Embedded_Linux/git_ignoring/AGL/trout/qemux86-64/tmp/deploy/images/qemux86-64/agl-image-flutter-qemux86-64.rootfs-20260311140524.ext4]
CONFFILE: [/media/abdu/LinuxHome/Embedded_Linux/git_ignoring/AGL/trout/qemux86-64/tmp/deploy/images/qemux86-64/agl-image-flutter-qemux86-64.rootfs-20260311140524.qemuboot.conf]

runqemu - INFO - Setting up tap interface under sudo
runqemu - INFO - Network configuration: ip=192.168.7.2::192.168.7.1:255.255.255.0::eth0:off:8.8.8.8 net.ifnames=0
runqemu - INFO - Interrupt character is '^]'
runqemu - INFO - Running /media/abdu/LinuxHome/Embedded_Linux/git_ignoring/AGL/trout/qemux86-64/tmp/work/x86_64-linux/qemu-helper-native/1.0/recipe-sysroot-native/usr/bin/qemu-system-x86_64 -device virtio-net-pci,netdev=net0,mac=52:54:00:12:34:02 -netdev tap,id=net0,ifname=tap0,script=no,downscript=no -object rng-random,filename=/dev/urandom,id=rng0 -device virtio-rng-pci,rng=rng0 -drive file=/media/abdu/LinuxHome/Embedded_Linux/git_ignoring/AGL/trout/qemux86-64/tmp/deploy/images/qemux86-64/agl-image-flutter-qemux86-64.rootfs-20260311140524.ext4,if=virtio,format=raw -vga vmware -display default,show-cursor=on -usb -device usb-tablet -device virtio-rng-pci -vga virtio  -machine q35 -cpu qemu64,+ssse3,+sse4.1,+sse4.2,+popcnt -smp 4 -m 2048  -device es1370,audiodev=snd0 -audiodev alsa,id=snd0,out.dev=pulse -serial mon:vc -serial mon:stdio -serial null -device virtio-vga  -display sdl,show-cursor=on  -kernel /media/abdu/LinuxHome/Embedded_Linux/git_ignoring/AGL/trout/qemux86-64/tmp/deploy/images/qemux86-64/bzImage -append 'root=/dev/vda rw  ip=192.168.7.2::192.168.7.1:255.255.255.0::eth0:off:8.8.8.8 net.ifnames=0 console=ttyS0 console=ttyS1 oprofile.timer=1 tsc=reliable no_timer_check rcupdate.rcu_expedited=1 console=ttyS0,115200n8 quiet swiotlb=0 '

runqemu - INFO - Host uptime: 20320.19


Automotive Grade Linux 20.0.4 qemux86-64 ttyS1

qemux86-64 login: root
root@qemux86-64:~# speaker-test -D hw:0,0 -t sine -f 440 -l 1

speaker-test 1.2.11

Playback device is hw:0,0
Stream parameters are 48000Hz, S16_LE, 1 channels
Sine wave rate is 440.0000Hz
Rate set to 48000Hz (requested 48000Hz)
Buffer size range from 32 to 32768
Period size range from 32 to 32768
Periods = 4
was set period_size = 12000
was set buffer_size = 32768
 0 - Mono
Write error: -5,Input/output error
xrun_recovery failed: -5,Input/output error
Transfer failed: Input/output error
root@qemux86-64:~# speaker-test -D hw:0,0 -t sine -f 440 -l 1

speaker-test 1.2.11

Playback device is hw:0,0
Stream parameters are 48000Hz, S16_LE, 1 channels
Sine wave rate is 440.0000Hz
Rate set to 48000Hz (requested 48000Hz)
Buffer size range from 32 to 32768
Period size range from 32 to 32768
Periods = 4
was set period_size = 12000
was set buffer_size = 32768
 0 - Mono
Write error: -5,Input/output error
xrun_recovery failed: -5,Input/output error
Transfer failed: Input/output error
root@qemux86-64:~# runqemu - INFO - Cleaning up
runqemu - INFO - Host uptime: 20373.73

abdu@abdu-B450M-S2H:/media/abdu/LinuxHome/Embedded_Linux/git_ignoring/AGL/trout/build$ runqemu qemux86-64 serial qemuparams="-device es1370,audiodev=snd0 -audiodev sdl,id=snd0"
runqemu - INFO - Running MACHINE=qemux86-64 bitbake -e  ...
runqemu - INFO - Overriding conf file setting of STAGING_DIR_NATIVE to /media/abdu/LinuxHome/Embedded_Linux/git_ignoring/AGL/trout/qemux86-64/tmp/work/corei7-64-agl-linux/defaultpkgname/1.0/recipe-sysroot-native from Bitbake environment
runqemu - INFO - Continuing with the following parameters:
KERNEL: [/media/abdu/LinuxHome/Embedded_Linux/git_ignoring/AGL/trout/qemux86-64/tmp/deploy/images/qemux86-64/bzImage]
MACHINE: [qemux86-64]
FSTYPE: [ext4]
ROOTFS: [/media/abdu/LinuxHome/Embedded_Linux/git_ignoring/AGL/trout/qemux86-64/tmp/deploy/images/qemux86-64/agl-image-flutter-qemux86-64.rootfs-20260311140524.ext4]
CONFFILE: [/media/abdu/LinuxHome/Embedded_Linux/git_ignoring/AGL/trout/qemux86-64/tmp/deploy/images/qemux86-64/agl-image-flutter-qemux86-64.rootfs-20260311140524.qemuboot.conf]

runqemu - INFO - Setting up tap interface under sudo
runqemu - INFO - Network configuration: ip=192.168.7.2::192.168.7.1:255.255.255.0::eth0:off:8.8.8.8 net.ifnames=0
runqemu - INFO - Interrupt character is '^]'
runqemu - INFO - Running /media/abdu/LinuxHome/Embedded_Linux/git_ignoring/AGL/trout/qemux86-64/tmp/work/x86_64-linux/qemu-helper-native/1.0/recipe-sysroot-native/usr/bin/qemu-system-x86_64 -device virtio-net-pci,netdev=net0,mac=52:54:00:12:34:02 -netdev tap,id=net0,ifname=tap0,script=no,downscript=no -object rng-random,filename=/dev/urandom,id=rng0 -device virtio-rng-pci,rng=rng0 -drive file=/media/abdu/LinuxHome/Embedded_Linux/git_ignoring/AGL/trout/qemux86-64/tmp/deploy/images/qemux86-64/agl-image-flutter-qemux86-64.rootfs-20260311140524.ext4,if=virtio,format=raw -vga vmware -display default,show-cursor=on -usb -device usb-tablet -device virtio-rng-pci -vga virtio  -machine q35 -cpu qemu64,+ssse3,+sse4.1,+sse4.2,+popcnt -smp 4 -m 2048  -device es1370,audiodev=snd0 -audiodev sdl,id=snd0 -serial mon:vc -serial mon:stdio -serial null -device virtio-vga  -display sdl,show-cursor=on  -kernel /media/abdu/LinuxHome/Embedded_Linux/git_ignoring/AGL/trout/qemux86-64/tmp/deploy/images/qemux86-64/bzImage -append 'root=/dev/vda rw  ip=192.168.7.2::192.168.7.1:255.255.255.0::eth0:off:8.8.8.8 net.ifnames=0 console=ttyS0 console=ttyS1 oprofile.timer=1 tsc=reliable no_timer_check rcupdate.rcu_expedited=1 console=ttyS0,115200n8 quiet swiotlb=0 '

runqemu - INFO - Host uptime: 20379.16

runqemu - ERROR - Failed to run qemu: qemu-system-x86_64: SDL failed to initialize audio subsystem

runqemu - INFO - Cleaning up
runqemu - INFO - Host uptime: 20379.18

abdu@abdu-B450M-S2H:/media/abdu/LinuxHome/Embedded_Linux/git_ignoring/AGL/trout/build$ runqemu qemux86-64 serial qemuparams="-device es1370,audiodev=snd0 -audiodev alsa,id=snd0,out.dev=pulse"
runqemu - INFO - Running MACHINE=qemux86-64 bitbake -e  ...
runqemu - INFO - Overriding conf file setting of STAGING_DIR_NATIVE to /media/abdu/LinuxHome/Embedded_Linux/git_ignoring/AGL/trout/qemux86-64/tmp/work/corei7-64-agl-linux/defaultpkgname/1.0/recipe-sysroot-native from Bitbake environment
runqemu - INFO - Continuing with the following parameters:
KERNEL: [/media/abdu/LinuxHome/Embedded_Linux/git_ignoring/AGL/trout/qemux86-64/tmp/deploy/images/qemux86-64/bzImage]
MACHINE: [qemux86-64]
FSTYPE: [ext4]
ROOTFS: [/media/abdu/LinuxHome/Embedded_Linux/git_ignoring/AGL/trout/qemux86-64/tmp/deploy/images/qemux86-64/agl-image-flutter-qemux86-64.rootfs-20260311140524.ext4]
CONFFILE: [/media/abdu/LinuxHome/Embedded_Linux/git_ignoring/AGL/trout/qemux86-64/tmp/deploy/images/qemux86-64/agl-image-flutter-qemux86-64.rootfs-20260311140524.qemuboot.conf]

runqemu - INFO - Setting up tap interface under sudo
runqemu - INFO - Network configuration: ip=192.168.7.2::192.168.7.1:255.255.255.0::eth0:off:8.8.8.8 net.ifnames=0
runqemu - INFO - Interrupt character is '^]'
runqemu - INFO - Running /media/abdu/LinuxHome/Embedded_Linux/git_ignoring/AGL/trout/qemux86-64/tmp/work/x86_64-linux/qemu-helper-native/1.0/recipe-sysroot-native/usr/bin/qemu-system-x86_64 -device virtio-net-pci,netdev=net0,mac=52:54:00:12:34:02 -netdev tap,id=net0,ifname=tap0,script=no,downscript=no -object rng-random,filename=/dev/urandom,id=rng0 -device virtio-rng-pci,rng=rng0 -drive file=/media/abdu/LinuxHome/Embedded_Linux/git_ignoring/AGL/trout/qemux86-64/tmp/deploy/images/qemux86-64/agl-image-flutter-qemux86-64.rootfs-20260311140524.ext4,if=virtio,format=raw -vga vmware -display default,show-cursor=on -usb -device usb-tablet -device virtio-rng-pci -vga virtio  -machine q35 -cpu qemu64,+ssse3,+sse4.1,+sse4.2,+popcnt -smp 4 -m 2048  -device es1370,audiodev=snd0 -audiodev alsa,id=snd0,out.dev=pulse -serial mon:vc -serial mon:stdio -serial null -device virtio-vga  -display sdl,show-cursor=on  -kernel /media/abdu/LinuxHome/Embedded_Linux/git_ignoring/AGL/trout/qemux86-64/tmp/deploy/images/qemux86-64/bzImage -append 'root=/dev/vda rw  ip=192.168.7.2::192.168.7.1:255.255.255.0::eth0:off:8.8.8.8 net.ifnames=0 console=ttyS0 console=ttyS1 oprofile.timer=1 tsc=reliable no_timer_check rcupdate.rcu_expedited=1 console=ttyS0,115200n8 quiet swiotlb=0 '

runqemu - INFO - Host uptime: 20433.58


Automotive Grade Linux 20.0.4 qemux86-64 ttyS1

qemux86-64 login: root
root@qemux86-64:~# cat ~/.asoundrc
cat: can't open '/root/.asoundrc': No such file or directory
root@qemux86-64:~# cat > ~/.asoundrc << 'EOF'
> pcm.default pulse
> ctl.default pulse
> EOF
root@qemux86-64:~# cat ~/.asoundrc
pcm.default pulse
ctl.default pulse
root@qemux86-64:~# runqemu - INFO - Cleaning up
runqemu - INFO - Host uptime: 20626.32

abdu@abdu-B450M-S2H:/media/abdu/LinuxHome/Embedded_Linux/git_ignoring/AGL/trout/build$ cat > ~/.asoundrc << 'EOF' 
pcm.default pulse
ctl.default pulse
EOF
abdu@abdu-B450M-S2H:/media/abdu/LinuxHome/Embedded_Linux/git_ignoring/AGL/trout/build$ cat ~/.asoundrc
pcm.default pulse
ctl.default pulse
abdu@abdu-B450M-S2H:/media/abdu/LinuxHome/Embedded_Linux/git_ignoring/AGL/trout/build$ runqemu qemux86-64 serial qemuparams="-device es1370,audiodev=snd0 -audiodev alsa,id=snd0"
runqemu - INFO - Running MACHINE=qemux86-64 bitbake -e  ...
runqemu - INFO - Overriding conf file setting of STAGING_DIR_NATIVE to /media/abdu/LinuxHome/Embedded_Linux/git_ignoring/AGL/trout/qemux86-64/tmp/work/corei7-64-agl-linux/defaultpkgname/1.0/recipe-sysroot-native from Bitbake environment
runqemu - INFO - Continuing with the following parameters:
KERNEL: [/media/abdu/LinuxHome/Embedded_Linux/git_ignoring/AGL/trout/qemux86-64/tmp/deploy/images/qemux86-64/bzImage]
MACHINE: [qemux86-64]
FSTYPE: [ext4]
ROOTFS: [/media/abdu/LinuxHome/Embedded_Linux/git_ignoring/AGL/trout/qemux86-64/tmp/deploy/images/qemux86-64/agl-image-flutter-qemux86-64.rootfs-20260311140524.ext4]
CONFFILE: [/media/abdu/LinuxHome/Embedded_Linux/git_ignoring/AGL/trout/qemux86-64/tmp/deploy/images/qemux86-64/agl-image-flutter-qemux86-64.rootfs-20260311140524.qemuboot.conf]

runqemu - INFO - Setting up tap interface under sudo
runqemu - INFO - Network configuration: ip=192.168.7.2::192.168.7.1:255.255.255.0::eth0:off:8.8.8.8 net.ifnames=0
runqemu - INFO - Interrupt character is '^]'
runqemu - INFO - Running /media/abdu/LinuxHome/Embedded_Linux/git_ignoring/AGL/trout/qemux86-64/tmp/work/x86_64-linux/qemu-helper-native/1.0/recipe-sysroot-native/usr/bin/qemu-system-x86_64 -device virtio-net-pci,netdev=net0,mac=52:54:00:12:34:02 -netdev tap,id=net0,ifname=tap0,script=no,downscript=no -object rng-random,filename=/dev/urandom,id=rng0 -device virtio-rng-pci,rng=rng0 -drive file=/media/abdu/LinuxHome/Embedded_Linux/git_ignoring/AGL/trout/qemux86-64/tmp/deploy/images/qemux86-64/agl-image-flutter-qemux86-64.rootfs-20260311140524.ext4,if=virtio,format=raw -vga vmware -display default,show-cursor=on -usb -device usb-tablet -device virtio-rng-pci -vga virtio  -machine q35 -cpu qemu64,+ssse3,+sse4.1,+sse4.2,+popcnt -smp 4 -m 2048  -device es1370,audiodev=snd0 -audiodev alsa,id=snd0 -serial mon:vc -serial mon:stdio -serial null -device virtio-vga  -display sdl,show-cursor=on  -kernel /media/abdu/LinuxHome/Embedded_Linux/git_ignoring/AGL/trout/qemux86-64/tmp/deploy/images/qemux86-64/bzImage -append 'root=/dev/vda rw  ip=192.168.7.2::192.168.7.1:255.255.255.0::eth0:off:8.8.8.8 net.ifnames=0 console=ttyS0 console=ttyS1 oprofile.timer=1 tsc=reliable no_timer_check rcupdate.rcu_expedited=1 console=ttyS0,115200n8 quiet swiotlb=0 '

runqemu - INFO - Host uptime: 20644.37


Automotive Grade Linux 20.0.4 qemux86-64 ttyS1

qemux86-64 login: root
root@qemux86-64:~# speaker-test -D hw:0,0 -t sine -f 440 -l 1

speaker-test 1.2.11

Playback device is hw:0,0
Stream parameters are 48000Hz, S16_LE, 1 channels
Sine wave rate is 440.0000Hz
ALSA lib /usr/src/debug/alsa-lib/1.2.11/src/conf.c:1245:(parse_value) default is not a string
ALSA lib /usr/src/debug/alsa-lib/1.2.11/src/conf.c:2012:(_snd_config_load_with_include) _toplevel_:2:0:Invalid argument
ALSA lib /usr/src/debug/alsa-lib/1.2.11/src/conf.c:4120:(config_file_open) /root/.asoundrc may be old or corrupted: consider to remove or fix it
ALSA lib /usr/src/debug/alsa-lib/1.2.11/src/conf.c:4042:(snd_config_hooks_call) function snd_config_hook_load returned error: Invalid argument
ALSA lib /usr/src/debug/alsa-lib/1.2.11/src/conf.c:4649:(snd_config_update_r) hooks failed, removing configuration
Playback open error: -22,Invalid argument
root@qemux86-64:~# speaker-test -D hw:0,1 -t sine -f 440 -l 1

speaker-test 1.2.11

Playback device is hw:0,1
Stream parameters are 48000Hz, S16_LE, 1 channels
Sine wave rate is 440.0000Hz
ALSA lib /usr/src/debug/alsa-lib/1.2.11/src/conf.c:1245:(parse_value) default is not a string
ALSA lib /usr/src/debug/alsa-lib/1.2.11/src/conf.c:2012:(_snd_config_load_with_include) _toplevel_:2:0:Invalid argument
ALSA lib /usr/src/debug/alsa-lib/1.2.11/src/conf.c:4120:(config_file_open) /root/.asoundrc may be old or corrupted: consider to remove or fix it
ALSA lib /usr/src/debug/alsa-lib/1.2.11/src/conf.c:4042:(snd_config_hooks_call) function snd_config_hook_load returned error: Invalid argument
ALSA lib /usr/src/debug/alsa-lib/1.2.11/src/conf.c:4649:(snd_config_update_r) hooks failed, removing configuration
Playback open error: -22,Invalid argument
root@qemux86-64:~# speaker-test -D hw:0,0 -t sine -f 440 -l 1

speaker-test 1.2.11

Playback device is hw:0,0
Stream parameters are 48000Hz, S16_LE, 1 channels
Sine wave rate is 440.0000Hz
ALSA lib /usr/src/debug/alsa-lib/1.2.11/src/conf.c:1245:(parse_value) default is not a string
ALSA lib /usr/src/debug/alsa-lib/1.2.11/src/conf.c:2012:(_snd_config_load_with_include) _toplevel_:2:0:Invalid argument
ALSA lib /usr/src/debug/alsa-lib/1.2.11/src/conf.c:4120:(config_file_open) /root/.asoundrc may be old or corrupted: consider to remove or fix it
ALSA lib /usr/src/debug/alsa-lib/1.2.11/src/conf.c:4042:(snd_config_hooks_call) function snd_config_hook_load returned error: Invalid argument
ALSA lib /usr/src/debug/alsa-lib/1.2.11/src/conf.c:4649:(snd_config_update_r) hooks failed, removing configuration
Playback open error: -22,Invalid argument
root@qemux86-64:~# speaker-test -D hw:0,0 -t sine -f 440 -l 1

speaker-test 1.2.11

Playback device is hw:0,0
Stream parameters are 48000Hz, S16_LE, 1 channels
Sine wave rate is 440.0000Hz
ALSA lib /usr/src/debug/alsa-lib/1.2.11/src/conf.c:1245:(parse_value) default is not a string
ALSA lib /usr/src/debug/alsa-lib/1.2.11/src/conf.c:2012:(_snd_config_load_with_include) _toplevel_:2:0:Invalid argument
ALSA lib /usr/src/debug/alsa-lib/1.2.11/src/conf.c:4120:(config_file_open) /root/.asoundrc may be old or corrupted: consider to remove or fix it
ALSA lib /usr/src/debug/alsa-lib/1.2.11/src/conf.c:4042:(snd_config_hooks_call) function snd_config_hook_load returned error: Invalid argument
ALSA lib /usr/src/debug/alsa-lib/1.2.11/src/conf.c:4649:(snd_config_update_r) hooks failed, removing configuration
Playback open error: -22,Invalid argument
root@qemux86-64:~# ls -a
.          ..         .asoundrc  .ssh
root@qemux86-64:~# rm .asoundrc 
root@qemux86-64:~# speaker-test -D hw:0,0 -t sine -f 440 -l 1

speaker-test 1.2.11

Playback device is hw:0,0
Stream parameters are 48000Hz, S16_LE, 1 channels
Sine wave rate is 440.0000Hz
Rate set to 48000Hz (requested 48000Hz)
Buffer size range from 32 to 32768
Period size range from 32 to 32768
Periods = 4
was set period_size = 12000
was set buffer_size = 32768
 0 - Mono
Write error: -5,Input/output error
xrun_recovery failed: -5,Input/output error
Transfer failed: Input/output error
root@qemux86-64:~# speaker-test -D hw:0,1 -t sine -f 440 -l 1

speaker-test 1.2.11

Playback device is hw:0,1
Stream parameters are 48000Hz, S16_LE, 1 channels
Sine wave rate is 440.0000Hz
Rate 48000Hz not available for playback: Invalid argument
Setting of hwparams failed: Invalid argument
root@qemux86-64:~# runqemu - INFO - Cleaning up
runqemu - INFO - Host uptime: 20904.29

abdu@abdu-B450M-S2H:/media/abdu/LinuxHome/Embedded_Linux/git_ignoring/AGL/trout/build$ vim conf/local.conf 
abdu@abdu-B450M-S2H:/media/abdu/LinuxHome/Embedded_Linux/git_ignoring/AGL/trout/build$ bitbake qemu-helper-native
Loading cache: 100% |                                                                            | ETA:  --:--:--
Loaded 0 entries from dependency cache.
Parsing recipes:  49% |####################################                                       | ETA:  0:00:39
Keyboard Interrupt, closing down...


Second Keyboard Interrupt, stopping...

Traceback (most recent call last):
  File "/media/abdu/LinuxHome/Embedded_Linux/git_ignoring/AGL/trout/external/poky/bitbake/lib/bb/ui/knotty.py", line 677, in main
    event = eventHandler.waitEvent(0.25)
  File "/media/abdu/LinuxHome/Embedded_Linux/git_ignoring/AGL/trout/external/poky/bitbake/lib/bb/server/process.py", line 807, in waitEvent
    self.eventQueueNotify.wait(delay)
  File "/usr/lib/python3.10/threading.py", line 607, in wait
    signaled = self._cond.wait(timeout)
  File "/usr/lib/python3.10/threading.py", line 324, in wait
    gotit = waiter.acquire(True, timeout)
KeyboardInterrupt

During handling of the above exception, another exception occurred:

Traceback (most recent call last):
  File "/media/abdu/LinuxHome/Embedded_Linux/git_ignoring/AGL/trout/external/poky/bitbake/lib/bb/ui/knotty.py", line 924, in main
    _, error = server.runCommand(["stateShutdown"])
  File "/media/abdu/LinuxHome/Embedded_Linux/git_ignoring/AGL/trout/external/poky/bitbake/lib/bb/server/process.py", line 523, in runCommand
    if not self.recv.poll(30):
  File "/media/abdu/LinuxHome/Embedded_Linux/git_ignoring/AGL/trout/external/poky/bitbake/lib/bb/server/process.py", line 844, in poll
    return self.reader.poll(timeout)
  File "/usr/lib/python3.10/multiprocessing/connection.py", line 257, in poll
    return self._poll(timeout)
  File "/usr/lib/python3.10/multiprocessing/connection.py", line 424, in _poll
    r = wait([self], timeout)
  File "/usr/lib/python3.10/multiprocessing/connection.py", line 931, in wait
    ready = selector.select(timeout)
  File "/usr/lib/python3.10/selectors.py", line 416, in select
    fd_event_list = self._selector.poll(timeout)
KeyboardInterrupt

During handling of the above exception, another exception occurred:

Traceback (most recent call last):
  File "/media/abdu/LinuxHome/Embedded_Linux/git_ignoring/AGL/trout/external/poky/bitbake/bin/bitbake", line 36, in <module>
    sys.exit(bitbake_main(BitBakeConfigParameters(sys.argv),
  File "/media/abdu/LinuxHome/Embedded_Linux/git_ignoring/AGL/trout/external/poky/bitbake/lib/bb/main.py", line 406, in bitbake_main
    return ui_module.main(server_connection.connection, server_connection.events,
  File "/media/abdu/LinuxHome/Embedded_Linux/git_ignoring/AGL/trout/external/poky/bitbake/lib/bb/ui/knotty.py", line 931, in main
    state_force_shutdown()
  File "/media/abdu/LinuxHome/Embedded_Linux/git_ignoring/AGL/trout/external/poky/bitbake/lib/bb/ui/knotty.py", line 909, in state_force_shutdown
    _, error = server.runCommand(["stateForceShutdown"])
  File "/media/abdu/LinuxHome/Embedded_Linux/git_ignoring/AGL/trout/external/poky/bitbake/lib/bb/server/process.py", line 523, in runCommand
    if not self.recv.poll(30):
  File "/media/abdu/LinuxHome/Embedded_Linux/git_ignoring/AGL/trout/external/poky/bitbake/lib/bb/server/process.py", line 844, in poll
    return self.reader.poll(timeout)
  File "/usr/lib/python3.10/multiprocessing/connection.py", line 257, in poll
    return self._poll(timeout)
  File "/usr/lib/python3.10/multiprocessing/connection.py", line 424, in _poll
    r = wait([self], timeout)
  File "/usr/lib/python3.10/multiprocessing/connection.py", line 931, in wait
    ready = selector.select(timeout)
  File "/usr/lib/python3.10/selectors.py", line 416, in select
    fd_event_list = self._selector.poll(timeout)
KeyboardInterrupt

abdu@abdu-B450M-S2H:/media/abdu/LinuxHome/Embedded_Linux/git_ignoring/AGL/trout/build$ ^C
abdu@abdu-B450M-S2H:/media/abdu/LinuxHome/Embedded_Linux/git_ignoring/AGL/trout/build$ padsp runqemu qemux86-64 serial qemuparams="-device es1370,audiodev=snd0 -audiodev alsa,id=snd0"
ERROR: ld.so: object '/usr/\192706LIB/pulseaudio/libpulsedsp.so' from LD_PRELOAD cannot be preloaded (cannot open shared object file): ignored.
ERROR: ld.so: object '/usr/\192706LIB/pulseaudio/libpulsedsp.so' from LD_PRELOAD cannot be preloaded (cannot open shared object file): ignored.
runqemu - INFO - Running MACHINE=qemux86-64 bitbake -e  ...
ERROR: ld.so: object '/usr/\192706LIB/pulseaudio/libpulsedsp.so' from LD_PRELOAD cannot be preloaded (cannot open shared object file): ignored.
ERROR: ld.so: object '/usr/\192706LIB/pulseaudio/libpulsedsp.so' from LD_PRELOAD cannot be preloaded (cannot open shared object file): ignored.
ERROR: ld.so: object '/usr/\192706LIB/pulseaudio/libpulsedsp.so' from LD_PRELOAD cannot be preloaded (cannot open shared object file): ignored.
^CTraceback (most recent call last):
  File "/media/abdu/LinuxHome/Embedded_Linux/git_ignoring/AGL/trout/external/poky/bitbake/bin/bitbake", line 36, in <module>
    sys.exit(bitbake_main(BitBakeConfigParameters(sys.argv),
  File "/media/abdu/LinuxHome/Embedded_Linux/git_ignoring/AGL/trout/external/poky/bitbake/lib/bb/main.py", line 388, in bitbake_main
    server_connection, ui_module = setup_bitbake(configParams)
  File "/media/abdu/LinuxHome/Embedded_Linux/git_ignoring/AGL/trout/external/poky/bitbake/lib/bb/main.py", line 489, in setup_bitbake
    server_connection = bb.server.process.connectProcessServer(sockname, featureset)
runqemu - INFO - Cleaning up
  File "/media/abdu/LinuxHome/Embedded_Linux/git_ignoring/AGL/trout/external/poky/bitbake/lib/bb/server/process.py", line 735, in connectProcessServer
runqemu - INFO - Host uptime: 20984.68

    server_connection.connection.updateFeatureSet(featureset)
  File "/media/abdu/LinuxHome/Embedded_Linux/git_ignoring/AGL/trout/external/poky/bitbake/lib/bb/server/process.py", line 538, in updateFeatureSet
    _, error = self.runCommand(["setFeatures", featureset])
  File "/media/abdu/LinuxHome/Embedded_Linux/git_ignoring/AGL/trout/external/poky/bitbake/lib/bb/server/process.py", line 523, in runCommand
    if not self.recv.poll(30):
  File "/media/abdu/LinuxHome/Embedded_Linux/git_ignoring/AGL/trout/external/poky/bitbake/lib/bb/server/process.py", line 844, in poll
    return self.reader.poll(timeout)
  File "/usr/lib/python3.10/multiprocessing/connection.py", line 257, in poll
    return self._poll(timeout)
  File "/usr/lib/python3.10/multiprocessing/connection.py", line 424, in _poll
    r = wait([self], timeout)
  File "/usr/lib/python3.10/multiprocessing/connection.py", line 931, in wait
    ready = selector.select(timeout)
  File "/usr/lib/python3.10/selectors.py", line 416, in select
    fd_event_list = self._selector.poll(timeout)
KeyboardInterrupt
ERROR: ld.so: object '/usr/\192706LIB/pulseaudio/libpulsedsp.so' from LD_PRELOAD cannot be preloaded (cannot open shared object file): ignored.
Traceback (most recent call last):
  File "/media/abdu/LinuxHome/Embedded_Linux/git_ignoring/AGL/trout/external/poky/scripts/runqemu", line 1777, in <module>
    sys.exit(main())
  File "/media/abdu/LinuxHome/Embedded_Linux/git_ignoring/AGL/trout/external/poky/scripts/runqemu", line 1754, in main
    config.check_args()
  File "/media/abdu/LinuxHome/Embedded_Linux/git_ignoring/AGL/trout/external/poky/scripts/runqemu", line 576, in check_args
    self.check_arg_machine(unknown_arg)
  File "/media/abdu/LinuxHome/Embedded_Linux/git_ignoring/AGL/trout/external/poky/scripts/runqemu", line 451, in check_arg_machine
    self.bitbake_e = self.run_bitbake_env(arg)
  File "/media/abdu/LinuxHome/Embedded_Linux/git_ignoring/AGL/trout/external/poky/scripts/runqemu", line 1684, in run_bitbake_env
    return subprocess.check_output(cmd, shell=True).decode('utf-8')
  File "/usr/lib/python3.10/subprocess.py", line 421, in check_output
    return run(*popenargs, stdout=PIPE, timeout=timeout, check=True,
  File "/usr/lib/python3.10/subprocess.py", line 505, in run
    stdout, stderr = process.communicate(input, timeout=timeout)
  File "/usr/lib/python3.10/subprocess.py", line 1141, in communicate
    stdout = self.stdout.read()
KeyboardInterrupt

abdu@abdu-B450M-S2H:/media/abdu/LinuxHome/Embedded_Linux/git_ignoring/AGL/trout/build$ time bitbake agl-image-flutter
NOTE: Reconnecting to bitbake server...
Loading cache: 100% |#############################################################################| Time: 0:00:00
Loaded 2358 entries from dependency cache.
Parsing recipes: 100% |###########################################################################| Time: 0:00:56
Parsing of 2846 .bb files complete (1403 cached, 1443 parsed). 4736 targets, 540 skipped, 0 masked, 0 errors.
NOTE: Resolving any missing task queue dependencies

Build Configuration:
BB_VERSION           = "2.8.1"
BUILD_SYS            = "x86_64-linux"
NATIVELSBSTRING      = "universal"
TARGET_SYS           = "x86_64-agl-linux"
MACHINE              = "qemux86-64"
DISTRO               = "poky-agl"
DISTRO_VERSION       = "20.0.4"
TUNE_FEATURES        = "m64 corei7"
TARGET_FPU           = ""
meta-pipewire        
meta-agl-flutter     = "HEAD:bd03d3355cbb58d3fb9be7784f87e7748178aa5d"
meta-flutter         
meta-flutter-apps    = "HEAD:67d7a4d3dc1e688eb37f05e8f740aca59fb53b9a"
meta-app-framework   = "HEAD:bd03d3355cbb58d3fb9be7784f87e7748178aa5d"
meta-python          
meta-multimedia      = "HEAD:2759d8870ea387b76c902070bed8a6649ff47b56"
meta-clang           = "HEAD:5c602337ea1a80fb7217eeda04e396cf90587dca"
meta-oe              = "HEAD:2759d8870ea387b76c902070bed8a6649ff47b56"
meta-agl-core        
meta-agl-bsp         = "HEAD:bd03d3355cbb58d3fb9be7784f87e7748178aa5d"
meta                 
meta-poky            = "HEAD:72983ac391008ebceb45edc7a8f0f6d5f4fe715c"
meta-lts-mixins_rust = "HEAD:a8046d5ec53b1856169ac795aa87cb0d5db84c04"
meta-flutter-task-app = "main:5afe90b95f5ff057a5f54c46a6cddb2d5ae38b05"

Sstate summary: Wanted 242 Local 218 Mirrors 0 Missed 24 Current 3307 (90% match, 99% complete)   | ETA:  0:00:01
Removing 1 stale sstate objects for arch qemux86_64: 100% |#######################################| Time: 0:00:00
Removing 1 stale sstate objects for arch x86_64: 100% |###########################################| Time: 0:00:00
NOTE: Executing Tasks
WARNING: qemu-helper-native-1.0-r0 do_configure: QA Issue: qemu-helper-native: invalid PACKAGECONFIG: pa [invalid-packageconfig]
NOTE: Tasks Summary: Attempted 7669 tasks of which 7645 didn't need to be rerun and all succeeded.

Summary: There was 1 WARNING message.

real	7m16.478s
user	0m2.519s
sys	0m0.449s
abdu@abdu-B450M-S2H:/media/abdu/LinuxHome/Embedded_Linux/git_ignoring/AGL/trout/build$ padsp runqemu qemux86-64 serial qemuparams="-device es1370,audiodev=snd0 -audiodev alsa,id=snd0"
ERROR: ld.so: object '/usr/\203060LIB/pulseaudio/libpulsedsp.so' from LD_PRELOAD cannot be preloaded (cannot open shared object file): ignored.
ERROR: ld.so: object '/usr/\203060LIB/pulseaudio/libpulsedsp.so' from LD_PRELOAD cannot be preloaded (cannot open shared object file): ignored.
runqemu - INFO - Running MACHINE=qemux86-64 bitbake -e  ...
ERROR: ld.so: object '/usr/\203060LIB/pulseaudio/libpulsedsp.so' from LD_PRELOAD cannot be preloaded (cannot open shared object file): ignored.
ERROR: ld.so: object '/usr/\203060LIB/pulseaudio/libpulsedsp.so' from LD_PRELOAD cannot be preloaded (cannot open shared object file): ignored.
ERROR: ld.so: object '/usr/\203060LIB/pulseaudio/libpulsedsp.so' from LD_PRELOAD cannot be preloaded (cannot open shared object file): ignored.
^CTraceback (most recent call last):
  File "/media/abdu/LinuxHome/Embedded_Linux/git_ignoring/AGL/trout/external/poky/bitbake/bin/bitbake", line 36, in <module>
    sys.exit(bitbake_main(BitBakeConfigParameters(sys.argv),
  File "/media/abdu/LinuxHome/Embedded_Linux/git_ignoring/AGL/trout/external/poky/bitbake/lib/bb/main.py", line 388, in bitbake_main
runqemu - INFO - Cleaning up
runqemu - INFO - Host uptime: 21512.53

ERROR: ld.so: object '/usr/\203060LIB/pulseaudio/libpulsedsp.so' from LD_PRELOAD cannot be preloaded (cannot open shared object file): ignored.
Traceback (most recent call last):
  File "/media/abdu/LinuxHome/Embedded_Linux/git_ignoring/AGL/trout/external/poky/scripts/runqemu", line 1777, in <module>
    sys.exit(main())
  File "/media/abdu/LinuxHome/Embedded_Linux/git_ignoring/AGL/trout/external/poky/scripts/runqemu", line 1754, in main
    config.check_args()
  File "/media/abdu/LinuxHome/Embedded_Linux/git_ignoring/AGL/trout/external/poky/scripts/runqemu", line 576, in check_args
    self.check_arg_machine(unknown_arg)
  File "/media/abdu/LinuxHome/Embedded_Linux/git_ignoring/AGL/trout/external/poky/scripts/runqemu", line 451, in check_arg_machine
    self.bitbake_e = self.run_bitbake_env(arg)
  File "/media/abdu/LinuxHome/Embedded_Linux/git_ignoring/AGL/trout/external/poky/scripts/runqemu", line 1684, in run_bitbake_env
    return subprocess.check_output(cmd, shell=True).decode('utf-8')
  File "/usr/lib/python3.10/subprocess.py", line 421, in check_output
    return run(*popenargs, stdout=PIPE, timeout=timeout, check=True,
  File "/usr/lib/python3.10/subprocess.py", line 505, in run
    stdout, stderr = process.communicate(input, timeout=timeout)
  File "/usr/lib/python3.10/subprocess.py", line 1141, in communicate
    stdout = self.stdout.read()
KeyboardInterrupt

abdu@abdu-B450M-S2H:/media/abdu/LinuxHome/Embedded_Linux/git_ignoring/AGL/trout/build$     server_connection, ui_module = setup_bitbake(configParams)
  File "/media/abdu/LinuxHome/Embedded_Linux/git_ignoring/AGL/trout/external/poky/bitbake/lib/bb/main.py", line 489, in setup_bitbake
    server_connection = bb.server.process.connectProcessServer(sockname, featureset)
  File "/media/abdu/LinuxHome/Embedded_Linux/git_ignoring/AGL/trout/external/poky/bitbake/lib/bb/server/process.py", line 735, in connectProcessServer
    server_connection.connection.updateFeatureSet(featureset)
  File "/media/abdu/LinuxHome/Embedded_Linux/git_ignoring/AGL/trout/external/poky/bitbake/lib/bb/server/process.py", line 538, in updateFeatureSet
    _, error = self.runCommand(["setFeatures", featureset])
  File "/media/abdu/LinuxHome/Embedded_Linux/git_ignoring/AGL/trout/external/poky/bitbake/lib/bb/server/process.py", line 525, in runCommand
    if not self.recv.poll(30):
  File "/media/abdu/LinuxHome/Embedded_Linux/git_ignoring/AGL/trout/external/poky/bitbake/lib/bb/server/process.py", line 844, in poll
    return self.reader.poll(timeout)
  File "/usr/lib/python3.10/multiprocessing/connection.py", line 257, in poll
    return self._poll(timeout)
  File "/usr/lib/python3.10/multiprocessing/connection.py", line 424, in _poll
    r = wait([self], timeout)
  File "/usr/lib/python3.10/multiprocessing/connection.py", line 931, in wait
    ready = selector.select(timeout)
  File "/usr/lib/python3.10/selectors.py", line 416, in select
    fd_event_list = self._selector.poll(timeout)
KeyboardInterrupt
^C
abdu@abdu-B450M-S2H:/media/abdu/LinuxHome/Embedded_Linux/git_ignoring/AGL/trout/build$ vim conf/local.conf 
abdu@abdu-B450M-S2H:/media/abdu/LinuxHome/Embedded_Linux/git_ignoring/AGL/trout/build$ bitbake qemu-helper-native
NOTE: Reconnecting to bitbake server...
NOTE: No reply from server in 30s (for command setFeatures at 21:32:29.931267)
NOTE: Retrying server connection (#1)... (21:32:59.961680)
NOTE: Reconnecting to bitbake server...
NOTE: No reply from server in 30s (for command setFeatures at 21:33:29.972289)
NOTE: Retrying server connection (#2)... (21:33:59.979394)
^CTraceback (most recent call last):
  File "/media/abdu/LinuxHome/Embedded_Linux/git_ignoring/AGL/trout/external/poky/bitbake/bin/bitbake", line 36, in <module>
    sys.exit(bitbake_main(BitBakeConfigParameters(sys.argv),
  File "/media/abdu/LinuxHome/Embedded_Linux/git_ignoring/AGL/trout/external/poky/bitbake/lib/bb/main.py", line 388, in bitbake_main
    server_connection, ui_module = setup_bitbake(configParams)
  File "/media/abdu/LinuxHome/Embedded_Linux/git_ignoring/AGL/trout/external/poky/bitbake/lib/bb/main.py", line 489, in setup_bitbake
    server_connection = bb.server.process.connectProcessServer(sockname, featureset)
  File "/media/abdu/LinuxHome/Embedded_Linux/git_ignoring/AGL/trout/external/poky/bitbake/lib/bb/server/process.py", line 735, in connectProcessServer
    server_connection.connection.updateFeatureSet(featureset)
  File "/media/abdu/LinuxHome/Embedded_Linux/git_ignoring/AGL/trout/external/poky/bitbake/lib/bb/server/process.py", line 538, in updateFeatureSet
    _, error = self.runCommand(["setFeatures", featureset])
  File "/media/abdu/LinuxHome/Embedded_Linux/git_ignoring/AGL/trout/external/poky/bitbake/lib/bb/server/process.py", line 523, in runCommand
    if not self.recv.poll(30):
  File "/media/abdu/LinuxHome/Embedded_Linux/git_ignoring/AGL/trout/external/poky/bitbake/lib/bb/server/process.py", line 844, in poll
    return self.reader.poll(timeout)
  File "/usr/lib/python3.10/multiprocessing/connection.py", line 257, in poll
    return self._poll(timeout)
  File "/usr/lib/python3.10/multiprocessing/connection.py", line 424, in _poll
    r = wait([self], timeout)
  File "/usr/lib/python3.10/multiprocessing/connection.py", line 931, in wait
    ready = selector.select(timeout)
  File "/usr/lib/python3.10/selectors.py", line 416, in select
    fd_event_list = self._selector.poll(timeout)
KeyboardInterrupt
^CException ignored in: <module 'threading' from '/usr/lib/python3.10/threading.py'>
Traceback (most recent call last):
  File "/usr/lib/python3.10/threading.py", line 1567, in _shutdown
    lock.acquire()
KeyboardInterrupt: 
NOTE: Reconnecting to bitbake server...

abdu@abdu-B450M-S2H:/media/abdu/LinuxHome/Embedded_Linux/git_ignoring/AGL/trout/build$ bitbake --kill-server
^CTraceback (most recent call last):
  File "/media/abdu/LinuxHome/Embedded_Linux/git_ignoring/AGL/trout/external/poky/bitbake/bin/bitbake", line 36, in <module>
    sys.exit(bitbake_main(BitBakeConfigParameters(sys.argv),
  File "/media/abdu/LinuxHome/Embedded_Linux/git_ignoring/AGL/trout/external/poky/bitbake/lib/bb/main.py", line 388, in bitbake_main
    server_connection, ui_module = setup_bitbake(configParams)
  File "/media/abdu/LinuxHome/Embedded_Linux/git_ignoring/AGL/trout/external/poky/bitbake/lib/bb/main.py", line 489, in setup_bitbake
    server_connection = bb.server.process.connectProcessServer(sockname, featureset)
  File "/media/abdu/LinuxHome/Embedded_Linux/git_ignoring/AGL/trout/external/poky/bitbake/lib/bb/server/process.py", line 735, in connectProcessServer
    server_connection.connection.updateFeatureSet(featureset)
  File "/media/abdu/LinuxHome/Embedded_Linux/git_ignoring/AGL/trout/external/poky/bitbake/lib/bb/server/process.py", line 538, in updateFeatureSet
    _, error = self.runCommand(["setFeatures", featureset])
  File "/media/abdu/LinuxHome/Embedded_Linux/git_ignoring/AGL/trout/external/poky/bitbake/lib/bb/server/process.py", line 523, in runCommand
    if not self.recv.poll(30):
  File "/media/abdu/LinuxHome/Embedded_Linux/git_ignoring/AGL/trout/external/poky/bitbake/lib/bb/server/process.py", line 844, in poll
    return self.reader.poll(timeout)
  File "/usr/lib/python3.10/multiprocessing/connection.py", line 257, in poll
    return self._poll(timeout)
  File "/usr/lib/python3.10/multiprocessing/connection.py", line 424, in _poll
    r = wait([self], timeout)
  File "/usr/lib/python3.10/multiprocessing/connection.py", line 931, in wait
    ready = selector.select(timeout)
  File "/usr/lib/python3.10/selectors.py", line 416, in select
    fd_event_list = self._selector.poll(timeout)
KeyboardInterrupt
^CException ignored in: <module 'threading' from '/usr/lib/python3.10/threading.py'>
Traceback (most recent call last):
  File "/usr/lib/python3.10/threading.py", line 1567, in _shutdown
    lock.acquire()
KeyboardInterrupt: 
NOTE: Reconnecting to bitbake server...

abdu@abdu-B450M-S2H:/media/abdu/LinuxHome/Embedded_Linux/git_ignoring/AGL/trout/build$ bitbake --kill-server
NOTE: bitbake server is not running.
abdu@abdu-B450M-S2H:/media/abdu/LinuxHome/Embedded_Linux/git_ignoring/AGL/trout/build$ bitbake qemu-helper-native
Loading cache: 100% |#############################################################################| Time: 0:00:02
Loaded 4736 entries from dependency cache.
NOTE: Resolving any missing task queue dependencies

Build Configuration:
BB_VERSION           = "2.8.1"
BUILD_SYS            = "x86_64-linux"
NATIVELSBSTRING      = "universal"
TARGET_SYS           = "x86_64-agl-linux"
MACHINE              = "qemux86-64"
DISTRO               = "poky-agl"
DISTRO_VERSION       = "20.0.4"
TUNE_FEATURES        = "m64 corei7"
TARGET_FPU           = ""
meta-pipewire        
meta-agl-flutter     = "HEAD:bd03d3355cbb58d3fb9be7784f87e7748178aa5d"
meta-flutter         
meta-flutter-apps    = "HEAD:67d7a4d3dc1e688eb37f05e8f740aca59fb53b9a"
meta-app-framework   = "HEAD:bd03d3355cbb58d3fb9be7784f87e7748178aa5d"
meta-python          
meta-multimedia      = "HEAD:2759d8870ea387b76c902070bed8a6649ff47b56"
meta-clang           = "HEAD:5c602337ea1a80fb7217eeda04e396cf90587dca"
meta-oe              = "HEAD:2759d8870ea387b76c902070bed8a6649ff47b56"
meta-agl-core        
meta-agl-bsp         = "HEAD:bd03d3355cbb58d3fb9be7784f87e7748178aa5d"
meta                 
meta-poky            = "HEAD:72983ac391008ebceb45edc7a8f0f6d5f4fe715c"
meta-lts-mixins_rust = "HEAD:a8046d5ec53b1856169ac795aa87cb0d5db84c04"
meta-flutter-task-app = "main:5afe90b95f5ff057a5f54c46a6cddb2d5ae38b05"

Sstate summary: Wanted 19 Local 0 Mirrors 0 Missed 19 Current 725 (0% match, 97% complete)        | ETA:  0:00:00
Initialising tasks: 100% |########################################################################| Time: 0:00:02
NOTE: Executing Tasks
NOTE: Tasks Summary: Attempted 1878 tasks of which 1876 didn't need to be rerun and all succeeded.
abdu@abdu-B450M-S2H:/media/abdu/LinuxHome/Embedded_Linux/git_ignoring/AGL/trout/build$ runqemu qemux86-64 serial qemuparams="-device es1370,audiodev=snd0 -audiodev pa,id=snd0"
runqemu - INFO - Running MACHINE=qemux86-64 bitbake -e  ...
runqemu - INFO - Overriding conf file setting of STAGING_DIR_NATIVE to /media/abdu/LinuxHome/Embedded_Linux/git_ignoring/AGL/trout/qemux86-64/tmp/work/corei7-64-agl-linux/defaultpkgname/1.0/recipe-sysroot-native from Bitbake environment
runqemu - INFO - Continuing with the following parameters:
KERNEL: [/media/abdu/LinuxHome/Embedded_Linux/git_ignoring/AGL/trout/qemux86-64/tmp/deploy/images/qemux86-64/bzImage]
MACHINE: [qemux86-64]
FSTYPE: [ext4]
ROOTFS: [/media/abdu/LinuxHome/Embedded_Linux/git_ignoring/AGL/trout/qemux86-64/tmp/deploy/images/qemux86-64/agl-image-flutter-qemux86-64.rootfs-20260311192415.ext4]
CONFFILE: [/media/abdu/LinuxHome/Embedded_Linux/git_ignoring/AGL/trout/qemux86-64/tmp/deploy/images/qemux86-64/agl-image-flutter-qemux86-64.rootfs-20260311192415.qemuboot.conf]

runqemu - INFO - Setting up tap interface under sudo
[sudo] password for abdu: 
Sorry, try again.
[sudo] password for abdu: 
runqemu - INFO - Network configuration: ip=192.168.7.2::192.168.7.1:255.255.255.0::eth0:off:8.8.8.8 net.ifnames=0
runqemu - INFO - Interrupt character is '^]'
runqemu - INFO - Running /media/abdu/LinuxHome/Embedded_Linux/git_ignoring/AGL/trout/qemux86-64/tmp/work/x86_64-linux/qemu-helper-native/1.0/recipe-sysroot-native/usr/bin/qemu-system-x86_64 -device virtio-net-pci,netdev=net0,mac=52:54:00:12:34:02 -netdev tap,id=net0,ifname=tap0,script=no,downscript=no -object rng-random,filename=/dev/urandom,id=rng0 -device virtio-rng-pci,rng=rng0 -drive file=/media/abdu/LinuxHome/Embedded_Linux/git_ignoring/AGL/trout/qemux86-64/tmp/deploy/images/qemux86-64/agl-image-flutter-qemux86-64.rootfs-20260311192415.ext4,if=virtio,format=raw -vga vmware -display default,show-cursor=on -usb -device usb-tablet -device virtio-rng-pci -vga virtio  -machine q35 -cpu qemu64,+ssse3,+sse4.1,+sse4.2,+popcnt -smp 4 -m 2048  -device es1370,audiodev=snd0 -audiodev pa,id=snd0 -serial mon:vc -serial mon:stdio -serial null -device virtio-vga  -display sdl,show-cursor=on  -kernel /media/abdu/LinuxHome/Embedded_Linux/git_ignoring/AGL/trout/qemux86-64/tmp/deploy/images/qemux86-64/bzImage -append 'root=/dev/vda rw  ip=192.168.7.2::192.168.7.1:255.255.255.0::eth0:off:8.8.8.8 net.ifnames=0 console=ttyS0 console=ttyS1 oprofile.timer=1 tsc=reliable no_timer_check rcupdate.rcu_expedited=1 console=ttyS0,115200n8 quiet swiotlb=0 '

runqemu - INFO - Host uptime: 21830.10

runqemu - ERROR - Failed to run qemu: qemu-system-x86_64: -audiodev pa,id=snd0: Parameter 'driver' does not accept value 'pa'

runqemu - INFO - Cleaning up
runqemu - INFO - Host uptime: 21830.12

abdu@abdu-B450M-S2H:/media/abdu/LinuxHome/Embedded_Linux/git_ignoring/AGL/trout/build$ oe-pkgdata-util find-path /usr/bin/qemu-system-x86_64
ERROR: Unable to find any package producing path /usr/bin/qemu-system-x86_64
abdu@abdu-B450M-S2H:/media/abdu/LinuxHome/Embedded_Linux/git_ignoring/AGL/trout/build$ sudo apt install libasound2-plugins
Reading package lists... Done
Building dependency tree... Done
Reading state information... Done
libasound2-plugins is already the newest version (1.2.6-1).
libasound2-plugins set to manually installed.
The following packages were automatically installed and are no longer required:
  libmsgpackc2 libtermkey1 libtree-sitter0 libunibilium4 libvterm0 lua-luv python3-greenlet python3-msgpack
  python3-neovim python3-pynvim remmina-common
Use 'sudo apt autoremove' to remove them.
0 upgraded, 0 newly installed, 0 to remove and 16 not upgraded.
abdu@abdu-B450M-S2H:/media/abdu/LinuxHome/Embedded_Linux/git_ignoring/AGL/trout/build$ cat > ~/.asoundrc << 'EOF' 
pcm.default pulse
ctl.default pulse
EOF
abdu@abdu-B450M-S2H:/media/abdu/LinuxHome/Embedded_Linux/git_ignoring/AGL/trout/build$ runqemu qemux86-64 serial qemuparams="-device es1370,audiodev=snd0 -audiodev alsa,id=snd0"
runqemu - INFO - Running MACHINE=qemux86-64 bitbake -e  ...
runqemu - INFO - Overriding conf file setting of STAGING_DIR_NATIVE to /media/abdu/LinuxHome/Embedded_Linux/git_ignoring/AGL/trout/qemux86-64/tmp/work/corei7-64-agl-linux/defaultpkgname/1.0/recipe-sysroot-native from Bitbake environment
runqemu - INFO - Continuing with the following parameters:
KERNEL: [/media/abdu/LinuxHome/Embedded_Linux/git_ignoring/AGL/trout/qemux86-64/tmp/deploy/images/qemux86-64/bzImage]
MACHINE: [qemux86-64]
FSTYPE: [ext4]
ROOTFS: [/media/abdu/LinuxHome/Embedded_Linux/git_ignoring/AGL/trout/qemux86-64/tmp/deploy/images/qemux86-64/agl-image-flutter-qemux86-64.rootfs-20260311192415.ext4]
CONFFILE: [/media/abdu/LinuxHome/Embedded_Linux/git_ignoring/AGL/trout/qemux86-64/tmp/deploy/images/qemux86-64/agl-image-flutter-qemux86-64.rootfs-20260311192415.qemuboot.conf]

runqemu - INFO - Setting up tap interface under sudo
runqemu - INFO - Network configuration: ip=192.168.7.2::192.168.7.1:255.255.255.0::eth0:off:8.8.8.8 net.ifnames=0
runqemu - INFO - Interrupt character is '^]'
runqemu - INFO - Running /media/abdu/LinuxHome/Embedded_Linux/git_ignoring/AGL/trout/qemux86-64/tmp/work/x86_64-linux/qemu-helper-native/1.0/recipe-sysroot-native/usr/bin/qemu-system-x86_64 -device virtio-net-pci,netdev=net0,mac=52:54:00:12:34:02 -netdev tap,id=net0,ifname=tap0,script=no,downscript=no -object rng-random,filename=/dev/urandom,id=rng0 -device virtio-rng-pci,rng=rng0 -drive file=/media/abdu/LinuxHome/Embedded_Linux/git_ignoring/AGL/trout/qemux86-64/tmp/deploy/images/qemux86-64/agl-image-flutter-qemux86-64.rootfs-20260311192415.ext4,if=virtio,format=raw -vga vmware -display default,show-cursor=on -usb -device usb-tablet -device virtio-rng-pci -vga virtio  -machine q35 -cpu qemu64,+ssse3,+sse4.1,+sse4.2,+popcnt -smp 4 -m 2048  -device es1370,audiodev=snd0 -audiodev alsa,id=snd0 -serial mon:vc -serial mon:stdio -serial null -device virtio-vga  -display sdl,show-cursor=on  -kernel /media/abdu/LinuxHome/Embedded_Linux/git_ignoring/AGL/trout/qemux86-64/tmp/deploy/images/qemux86-64/bzImage -append 'root=/dev/vda rw  ip=192.168.7.2::192.168.7.1:255.255.255.0::eth0:off:8.8.8.8 net.ifnames=0 console=ttyS0 console=ttyS1 oprofile.timer=1 tsc=reliable no_timer_check rcupdate.rcu_expedited=1 console=ttyS0,115200n8 quiet swiotlb=0 '

runqemu - INFO - Host uptime: 22193.97


Automotive Grade Linux 20.0.4 qemux86-64 ttyS1

qemux86-64 login: root
root@qemux86-64:~# speaker-test -D hw:0,0 -t sine -f 440 -l 1

speaker-test 1.2.11

Playback device is hw:0,0
Stream parameters are 48000Hz, S16_LE, 1 channels
Sine wave rate is 440.0000Hz
Rate set to 48000Hz (requested 48000Hz)
Buffer size range from 32 to 32768
Period size range from 32 to 32768
Periods = 4
was set period_size = 12000
was set buffer_size = 32768
 0 - Mono
Write error: -5,Input/output error
xrun_recovery failed: -5,Input/output error
Transfer failed: Input/output error
root@qemux86-64:~# sudo apt install libasound2-plugins
-sh: sudo: command not found
root@qemux86-64:~# apt install libasound2-plugins
-sh: apt: command not found
root@qemux86-64:~# runqemu - INFO - Cleaning up
runqemu - INFO - Host uptime: 22339.82

abdu@abdu-B450M-S2H:/media/abdu/LinuxHome/Embedded_Linux/git_ignoring/AGL/trout/build$ SDL_AUDIODRIVER=pulse runqemu qemux86-64 serial qemuparams="-device es1370,audiodev=snd0 -audiodev sdl,id=snd0"
runqemu - INFO - Running MACHINE=qemux86-64 bitbake -e  ...
runqemu - INFO - Overriding conf file setting of STAGING_DIR_NATIVE to /media/abdu/LinuxHome/Embedded_Linux/git_ignoring/AGL/trout/qemux86-64/tmp/work/corei7-64-agl-linux/defaultpkgname/1.0/recipe-sysroot-native from Bitbake environment
runqemu - INFO - Continuing with the following parameters:
KERNEL: [/media/abdu/LinuxHome/Embedded_Linux/git_ignoring/AGL/trout/qemux86-64/tmp/deploy/images/qemux86-64/bzImage]
MACHINE: [qemux86-64]
FSTYPE: [ext4]
ROOTFS: [/media/abdu/LinuxHome/Embedded_Linux/git_ignoring/AGL/trout/qemux86-64/tmp/deploy/images/qemux86-64/agl-image-flutter-qemux86-64.rootfs-20260311192415.ext4]
CONFFILE: [/media/abdu/LinuxHome/Embedded_Linux/git_ignoring/AGL/trout/qemux86-64/tmp/deploy/images/qemux86-64/agl-image-flutter-qemux86-64.rootfs-20260311192415.qemuboot.conf]

runqemu - INFO - Setting up tap interface under sudo
runqemu - INFO - Network configuration: ip=192.168.7.2::192.168.7.1:255.255.255.0::eth0:off:8.8.8.8 net.ifnames=0
runqemu - INFO - Interrupt character is '^]'
runqemu - INFO - Running /media/abdu/LinuxHome/Embedded_Linux/git_ignoring/AGL/trout/qemux86-64/tmp/work/x86_64-linux/qemu-helper-native/1.0/recipe-sysroot-native/usr/bin/qemu-system-x86_64 -device virtio-net-pci,netdev=net0,mac=52:54:00:12:34:02 -netdev tap,id=net0,ifname=tap0,script=no,downscript=no -object rng-random,filename=/dev/urandom,id=rng0 -device virtio-rng-pci,rng=rng0 -drive file=/media/abdu/LinuxHome/Embedded_Linux/git_ignoring/AGL/trout/qemux86-64/tmp/deploy/images/qemux86-64/agl-image-flutter-qemux86-64.rootfs-20260311192415.ext4,if=virtio,format=raw -vga vmware -display default,show-cursor=on -usb -device usb-tablet -device virtio-rng-pci -vga virtio  -machine q35 -cpu qemu64,+ssse3,+sse4.1,+sse4.2,+popcnt -smp 4 -m 2048  -device es1370,audiodev=snd0 -audiodev sdl,id=snd0 -serial mon:vc -serial mon:stdio -serial null -device virtio-vga  -display sdl,show-cursor=on  -kernel /media/abdu/LinuxHome/Embedded_Linux/git_ignoring/AGL/trout/qemux86-64/tmp/deploy/images/qemux86-64/bzImage -append 'root=/dev/vda rw  ip=192.168.7.2::192.168.7.1:255.255.255.0::eth0:off:8.8.8.8 net.ifnames=0 console=ttyS0 console=ttyS1 oprofile.timer=1 tsc=reliable no_timer_check rcupdate.rcu_expedited=1 console=ttyS0,115200n8 quiet swiotlb=0 '

runqemu - INFO - Host uptime: 22345.55

runqemu - ERROR - Failed to run qemu: qemu-system-x86_64: SDL failed to initialize audio subsystem

runqemu - INFO - Cleaning up
runqemu - INFO - Host uptime: 22345.56

abdu@abdu-B450M-S2H:/media/abdu/LinuxHome/Embedded_Linux/git_ignoring/AGL/trout/build$ runqemu qemux86-64 serial qemuparams="-device es1370,audiodev=snd0 -audiodev alsa,id=snd0,out.dev=pulse"
runqemu - INFO - Running MACHINE=qemux86-64 bitbake -e  ...
runqemu - INFO - Overriding conf file setting of STAGING_DIR_NATIVE to /media/abdu/LinuxHome/Embedded_Linux/git_ignoring/AGL/trout/qemux86-64/tmp/work/corei7-64-agl-linux/defaultpkgname/1.0/recipe-sysroot-native from Bitbake environment
runqemu - INFO - Continuing with the following parameters:
KERNEL: [/media/abdu/LinuxHome/Embedded_Linux/git_ignoring/AGL/trout/qemux86-64/tmp/deploy/images/qemux86-64/bzImage]
MACHINE: [qemux86-64]
FSTYPE: [ext4]
ROOTFS: [/media/abdu/LinuxHome/Embedded_Linux/git_ignoring/AGL/trout/qemux86-64/tmp/deploy/images/qemux86-64/agl-image-flutter-qemux86-64.rootfs-20260311192415.ext4]
CONFFILE: [/media/abdu/LinuxHome/Embedded_Linux/git_ignoring/AGL/trout/qemux86-64/tmp/deploy/images/qemux86-64/agl-image-flutter-qemux86-64.rootfs-20260311192415.qemuboot.conf]

runqemu - INFO - Setting up tap interface under sudo
runqemu - INFO - Network configuration: ip=192.168.7.2::192.168.7.1:255.255.255.0::eth0:off:8.8.8.8 net.ifnames=0
runqemu - INFO - Interrupt character is '^]'
runqemu - INFO - Running /media/abdu/LinuxHome/Embedded_Linux/git_ignoring/AGL/trout/qemux86-64/tmp/work/x86_64-linux/qemu-helper-native/1.0/recipe-sysroot-native/usr/bin/qemu-system-x86_64 -device virtio-net-pci,netdev=net0,mac=52:54:00:12:34:02 -netdev tap,id=net0,ifname=tap0,script=no,downscript=no -object rng-random,filename=/dev/urandom,id=rng0 -device virtio-rng-pci,rng=rng0 -drive file=/media/abdu/LinuxHome/Embedded_Linux/git_ignoring/AGL/trout/qemux86-64/tmp/deploy/images/qemux86-64/agl-image-flutter-qemux86-64.rootfs-20260311192415.ext4,if=virtio,format=raw -vga vmware -display default,show-cursor=on -usb -device usb-tablet -device virtio-rng-pci -vga virtio  -machine q35 -cpu qemu64,+ssse3,+sse4.1,+sse4.2,+popcnt -smp 4 -m 2048  -device es1370,audiodev=snd0 -audiodev alsa,id=snd0,out.dev=pulse -serial mon:vc -serial mon:stdio -serial null -device virtio-vga  -display sdl,show-cursor=on  -kernel /media/abdu/LinuxHome/Embedded_Linux/git_ignoring/AGL/trout/qemux86-64/tmp/deploy/images/qemux86-64/bzImage -append 'root=/dev/vda rw  ip=192.168.7.2::192.168.7.1:255.255.255.0::eth0:off:8.8.8.8 net.ifnames=0 console=ttyS0 console=ttyS1 oprofile.timer=1 tsc=reliable no_timer_check rcupdate.rcu_expedited=1 console=ttyS0,115200n8 quiet swiotlb=0 '

runqemu - INFO - Host uptime: 22377.63


Automotive Grade Linux 20.0.4 qemux86-64 ttyS1

qemux86-64 login: root
root@qemux86-64:~# speaker-test -D hw:0,0 -t sine -f 440 -l 1

speaker-test 1.2.11

Playback device is hw:0,0
Stream parameters are 48000Hz, S16_LE, 1 channels
Sine wave rate is 440.0000Hz
Rate set to 48000Hz (requested 48000Hz)
Buffer size range from 32 to 32768
Period size range from 32 to 32768
Periods = 4
was set period_size = 12000
was set buffer_size = 32768
 0 - Mono
Write error: -5,Input/output error
xrun_recovery failed: -5,Input/output error
Transfer failed: Input/output error
root@qemux86-64:~# sudo apt install qemu-system-x86
-sh: sudo: command not found
root@qemux86-64:~# runqemu - INFO - Cleaning up
runqemu - INFO - Host uptime: 22471.46

abdu@abdu-B450M-S2H:/media/abdu/LinuxHome/Embedded_Linux/git_ignoring/AGL/trout/build$ ps aux | grep qemu
abdu      205943  0.0  0.0   9088  2648 pts/0    S+   21:56   0:00 grep --color=auto qemu
abdu@abdu-B450M-S2H:/media/abdu/LinuxHome/Embedded_Linux/git_ignoring/AGL/trout/build$ aplay -l
**** List of PLAYBACK Hardware Devices ****
card 0: Generic [HD-Audio Generic], device 3: HDMI 0 [HDMI 0]
  Subdevices: 1/1
  Subdevice #0: subdevice #0
card 0: Generic [HD-Audio Generic], device 7: HDMI 1 [HDMI 1]
  Subdevices: 1/1
  Subdevice #0: subdevice #0
card 0: Generic [HD-Audio Generic], device 8: HDMI 2 [HDMI 2]
  Subdevices: 1/1
  Subdevice #0: subdevice #0
card 1: Generic_1 [HD-Audio Generic], device 0: ALC887-VD Analog [ALC887-VD Analog]
  Subdevices: 0/1
  Subdevice #0: subdevice #0
card 1: Generic_1 [HD-Audio Generic], device 1: ALC887-VD Digital [ALC887-VD Digital]
  Subdevices: 1/1
  Subdevice #0: subdevice #0
card 2: Loopback [Loopback], device 0: Loopback PCM [Loopback PCM]
  Subdevices: 8/8
  Subdevice #0: subdevice #0
  Subdevice #1: subdevice #1
  Subdevice #2: subdevice #2
  Subdevice #3: subdevice #3
  Subdevice #4: subdevice #4
  Subdevice #5: subdevice #5
  Subdevice #6: subdevice #6
  Subdevice #7: subdevice #7
card 2: Loopback [Loopback], device 1: Loopback PCM [Loopback PCM]
  Subdevices: 8/8
  Subdevice #0: subdevice #0
  Subdevice #1: subdevice #1
  Subdevice #2: subdevice #2
  Subdevice #3: subdevice #3
  Subdevice #4: subdevice #4
  Subdevice #5: subdevice #5
  Subdevice #6: subdevice #6
  Subdevice #7: subdevice #7
abdu@abdu-B450M-S2H:/media/abdu/LinuxHome/Embedded_Linux/git_ignoring/AGL/trout/build$ systemctl status pipewire@1001.service
Unit pipewire@1001.service could not be found.
abdu@abdu-B450M-S2H:/media/abdu/LinuxHome/Embedded_Linux/git_ignoring/AGL/trout/build$ systemctl status pipewire
Unit pipewire.service could not be found.
abdu@abdu-B450M-S2H:/media/abdu/LinuxHome/Embedded_Linux/git_ignoring/AGL/trout/build$ systemctl status pipewirerunqemu qemux86-64 serial qemuparams="-device es1370,audiodev=snd0 -audiodev alsa,id=snd0,out.dev=pulse"^C
abdu@abdu-B450M-S2H:/media/abdu/LinuxHome/Embedded_Linux/git_ignoring/AGL/trout/build$ ^C
abdu@abdu-B450M-S2H:/media/abdu/LinuxHome/Embedded_Linux/git_ignoring/AGL/trout/build$ runqemu qemux86-64 serial qemuparams="-device es1370,audiodev=snd0 -audiodev alsa,id=snd0,out.dev=pulse"
runqemu - INFO - Running MACHINE=qemux86-64 bitbake -e  ...
runqemu - INFO - Overriding conf file setting of STAGING_DIR_NATIVE to /media/abdu/LinuxHome/Embedded_Linux/git_ignoring/AGL/trout/qemux86-64/tmp/work/corei7-64-agl-linux/defaultpkgname/1.0/recipe-sysroot-native from Bitbake environment
runqemu - INFO - Continuing with the following parameters:
KERNEL: [/media/abdu/LinuxHome/Embedded_Linux/git_ignoring/AGL/trout/qemux86-64/tmp/deploy/images/qemux86-64/bzImage]
MACHINE: [qemux86-64]
FSTYPE: [ext4]
ROOTFS: [/media/abdu/LinuxHome/Embedded_Linux/git_ignoring/AGL/trout/qemux86-64/tmp/deploy/images/qemux86-64/agl-image-flutter-qemux86-64.rootfs-20260311192415.ext4]
CONFFILE: [/media/abdu/LinuxHome/Embedded_Linux/git_ignoring/AGL/trout/qemux86-64/tmp/deploy/images/qemux86-64/agl-image-flutter-qemux86-64.rootfs-20260311192415.qemuboot.conf]

runqemu - INFO - Setting up tap interface under sudo
runqemu - INFO - Network configuration: ip=192.168.7.2::192.168.7.1:255.255.255.0::eth0:off:8.8.8.8 net.ifnames=0
runqemu - INFO - Interrupt character is '^]'
runqemu - INFO - Running /media/abdu/LinuxHome/Embedded_Linux/git_ignoring/AGL/trout/qemux86-64/tmp/work/x86_64-linux/qemu-helper-native/1.0/recipe-sysroot-native/usr/bin/qemu-system-x86_64 -device virtio-net-pci,netdev=net0,mac=52:54:00:12:34:02 -netdev tap,id=net0,ifname=tap0,script=no,downscript=no -object rng-random,filename=/dev/urandom,id=rng0 -device virtio-rng-pci,rng=rng0 -drive file=/media/abdu/LinuxHome/Embedded_Linux/git_ignoring/AGL/trout/qemux86-64/tmp/deploy/images/qemux86-64/agl-image-flutter-qemux86-64.rootfs-20260311192415.ext4,if=virtio,format=raw -vga vmware -display default,show-cursor=on -usb -device usb-tablet -device virtio-rng-pci -vga virtio  -machine q35 -cpu qemu64,+ssse3,+sse4.1,+sse4.2,+popcnt -smp 4 -m 2048  -device es1370,audiodev=snd0 -audiodev alsa,id=snd0,out.dev=pulse -serial mon:vc -serial mon:stdio -serial null -device virtio-vga  -display sdl,show-cursor=on  -kernel /media/abdu/LinuxHome/Embedded_Linux/git_ignoring/AGL/trout/qemux86-64/tmp/deploy/images/qemux86-64/bzImage -append 'root=/dev/vda rw  ip=192.168.7.2::192.168.7.1:255.255.255.0::eth0:off:8.8.8.8 net.ifnames=0 console=ttyS0 console=ttyS1 oprofile.timer=1 tsc=reliable no_timer_check rcupdate.rcu_expedited=1 console=ttyS0,115200n8 quiet swiotlb=0 '

runqemu - INFO - Host uptime: 23119.38


Automotive Grade Linux 20.0.4 qemux86-64 ttyS1

qemux86-64 login: root
root@qemux86-64:~# systemctl stop pipewire.service
Stopping 'pipewire.service', but its triggering units are still active:
pipewire-manager.socket, pipewire.socket
root@qemux86-64:~# systemctl start pipewire@1001.service
Failed to start pipewire@1001.service: Unit pipewire@1001.service not found.
root@qemux86-64:~# runqemu - INFO - Cleaning up
runqemu - INFO - Host uptime: 23247.99

abdu@abdu-B450M-S2H:/media/abdu/LinuxHome/Embedded_Linux/git_ignoring/AGL/trout/build$ runqemu qemux86-64 serial audio
runqemu - INFO - Enabling audio in qemu
runqemu - INFO - Please install sound drivers in linux host
runqemu - INFO - Running MACHINE=qemux86-64 bitbake -e  ...
runqemu - INFO - Overriding conf file setting of STAGING_DIR_NATIVE to /media/abdu/LinuxHome/Embedded_Linux/git_ignoring/AGL/trout/qemux86-64/tmp/work/corei7-64-agl-linux/defaultpkgname/1.0/recipe-sysroot-native from Bitbake environment
runqemu - INFO - Continuing with the following parameters:
KERNEL: [/media/abdu/LinuxHome/Embedded_Linux/git_ignoring/AGL/trout/qemux86-64/tmp/deploy/images/qemux86-64/bzImage]
MACHINE: [qemux86-64]
FSTYPE: [ext4]
ROOTFS: [/media/abdu/LinuxHome/Embedded_Linux/git_ignoring/AGL/trout/qemux86-64/tmp/deploy/images/qemux86-64/agl-image-flutter-qemux86-64.rootfs-20260311192415.ext4]
CONFFILE: [/media/abdu/LinuxHome/Embedded_Linux/git_ignoring/AGL/trout/qemux86-64/tmp/deploy/images/qemux86-64/agl-image-flutter-qemux86-64.rootfs-20260311192415.qemuboot.conf]

runqemu - INFO - Setting up tap interface under sudo
runqemu - INFO - Network configuration: ip=192.168.7.2::192.168.7.1:255.255.255.0::eth0:off:8.8.8.8 net.ifnames=0
runqemu - INFO - Interrupt character is '^]'
runqemu - INFO - Running /media/abdu/LinuxHome/Embedded_Linux/git_ignoring/AGL/trout/qemux86-64/tmp/work/x86_64-linux/qemu-helper-native/1.0/recipe-sysroot-native/usr/bin/qemu-system-x86_64 -device virtio-net-pci,netdev=net0,mac=52:54:00:12:34:02 -netdev tap,id=net0,ifname=tap0,script=no,downscript=no -object rng-random,filename=/dev/urandom,id=rng0 -device virtio-rng-pci,rng=rng0 -drive file=/media/abdu/LinuxHome/Embedded_Linux/git_ignoring/AGL/trout/qemux86-64/tmp/deploy/images/qemux86-64/agl-image-flutter-qemux86-64.rootfs-20260311192415.ext4,if=virtio,format=raw -vga vmware -display default,show-cursor=on -usb -device usb-tablet -device virtio-rng-pci -vga virtio  -device intel-hda -device hda-duplex -audiodev alsa,id=agl -machine q35 -cpu qemu64,+ssse3,+sse4.1,+sse4.2,+popcnt -smp 4 -m 2048 -serial mon:vc -serial mon:stdio -serial null -device virtio-vga  -display sdl,show-cursor=on  -kernel /media/abdu/LinuxHome/Embedded_Linux/git_ignoring/AGL/trout/qemux86-64/tmp/deploy/images/qemux86-64/bzImage -append 'root=/dev/vda rw  ip=192.168.7.2::192.168.7.1:255.255.255.0::eth0:off:8.8.8.8 net.ifnames=0 console=ttyS0 console=ttyS1 oprofile.timer=1 tsc=reliable no_timer_check rcupdate.rcu_expedited=1 console=ttyS0,115200n8 quiet swiotlb=0 '

runqemu - INFO - Host uptime: 23254.67

runqemu - ERROR - Failed to run qemu: qemu-system-x86_64: -device hda-duplex: no default audio driver available
Perhaps you wanted to use -audio or set audiodev=agl?

runqemu - INFO - Cleaning up
runqemu - INFO - Host uptime: 23254.74

abdu@abdu-B450M-S2H:/media/abdu/LinuxHome/Embedded_Linux/git_ignoring/AGL/trout/build$ runqemu qemux86-64 serial audio qemuparams="-device hda-duplex,audiodev=agl"
runqemu - INFO - Enabling audio in qemu
runqemu - INFO - Please install sound drivers in linux host
runqemu - INFO - Running MACHINE=qemux86-64 bitbake -e  ...
runqemu - INFO - Overriding conf file setting of STAGING_DIR_NATIVE to /media/abdu/LinuxHome/Embedded_Linux/git_ignoring/AGL/trout/qemux86-64/tmp/work/corei7-64-agl-linux/defaultpkgname/1.0/recipe-sysroot-native from Bitbake environment
runqemu - INFO - Continuing with the following parameters:
KERNEL: [/media/abdu/LinuxHome/Embedded_Linux/git_ignoring/AGL/trout/qemux86-64/tmp/deploy/images/qemux86-64/bzImage]
MACHINE: [qemux86-64]
FSTYPE: [ext4]
ROOTFS: [/media/abdu/LinuxHome/Embedded_Linux/git_ignoring/AGL/trout/qemux86-64/tmp/deploy/images/qemux86-64/agl-image-flutter-qemux86-64.rootfs-20260311192415.ext4]
CONFFILE: [/media/abdu/LinuxHome/Embedded_Linux/git_ignoring/AGL/trout/qemux86-64/tmp/deploy/images/qemux86-64/agl-image-flutter-qemux86-64.rootfs-20260311192415.qemuboot.conf]

runqemu - INFO - Setting up tap interface under sudo
runqemu - INFO - Network configuration: ip=192.168.7.2::192.168.7.1:255.255.255.0::eth0:off:8.8.8.8 net.ifnames=0
runqemu - INFO - Interrupt character is '^]'
runqemu - INFO - Running /media/abdu/LinuxHome/Embedded_Linux/git_ignoring/AGL/trout/qemux86-64/tmp/work/x86_64-linux/qemu-helper-native/1.0/recipe-sysroot-native/usr/bin/qemu-system-x86_64 -device virtio-net-pci,netdev=net0,mac=52:54:00:12:34:02 -netdev tap,id=net0,ifname=tap0,script=no,downscript=no -object rng-random,filename=/dev/urandom,id=rng0 -device virtio-rng-pci,rng=rng0 -drive file=/media/abdu/LinuxHome/Embedded_Linux/git_ignoring/AGL/trout/qemux86-64/tmp/deploy/images/qemux86-64/agl-image-flutter-qemux86-64.rootfs-20260311192415.ext4,if=virtio,format=raw -vga vmware -display default,show-cursor=on -usb -device usb-tablet -device virtio-rng-pci -vga virtio  -device intel-hda -device hda-duplex -audiodev alsa,id=agl -machine q35 -cpu qemu64,+ssse3,+sse4.1,+sse4.2,+popcnt -smp 4 -m 2048  -device hda-duplex,audiodev=agl -serial mon:vc -serial mon:stdio -serial null -device virtio-vga  -display sdl,show-cursor=on  -kernel /media/abdu/LinuxHome/Embedded_Linux/git_ignoring/AGL/trout/qemux86-64/tmp/deploy/images/qemux86-64/bzImage -append 'root=/dev/vda rw  ip=192.168.7.2::192.168.7.1:255.255.255.0::eth0:off:8.8.8.8 net.ifnames=0 console=ttyS0 console=ttyS1 oprofile.timer=1 tsc=reliable no_timer_check rcupdate.rcu_expedited=1 console=ttyS0,115200n8 quiet swiotlb=0 '

runqemu - INFO - Host uptime: 23288.72

runqemu - ERROR - Failed to run qemu: qemu-system-x86_64: -device hda-duplex: no default audio driver available
Perhaps you wanted to use -audio or set audiodev=agl?

runqemu - INFO - Cleaning up
runqemu - INFO - Host uptime: 23288.77

abdu@abdu-B450M-S2H:/media/abdu/LinuxHome/Embedded_Linux/git_ignoring/AGL/trout/build$ runqemu qemux86-64 serial qemuparams="-device intel-hda -device hda-duplex,audiodev=agl -audiodev alsa,id=agl"
runqemu - INFO - Running MACHINE=qemux86-64 bitbake -e  ...
runqemu - INFO - Overriding conf file setting of STAGING_DIR_NATIVE to /media/abdu/LinuxHome/Embedded_Linux/git_ignoring/AGL/trout/qemux86-64/tmp/work/corei7-64-agl-linux/defaultpkgname/1.0/recipe-sysroot-native from Bitbake environment
runqemu - INFO - Continuing with the following parameters:
KERNEL: [/media/abdu/LinuxHome/Embedded_Linux/git_ignoring/AGL/trout/qemux86-64/tmp/deploy/images/qemux86-64/bzImage]
MACHINE: [qemux86-64]
FSTYPE: [ext4]
ROOTFS: [/media/abdu/LinuxHome/Embedded_Linux/git_ignoring/AGL/trout/qemux86-64/tmp/deploy/images/qemux86-64/agl-image-flutter-qemux86-64.rootfs-20260311192415.ext4]
CONFFILE: [/media/abdu/LinuxHome/Embedded_Linux/git_ignoring/AGL/trout/qemux86-64/tmp/deploy/images/qemux86-64/agl-image-flutter-qemux86-64.rootfs-20260311192415.qemuboot.conf]

runqemu - INFO - Setting up tap interface under sudo
runqemu - INFO - Network configuration: ip=192.168.7.2::192.168.7.1:255.255.255.0::eth0:off:8.8.8.8 net.ifnames=0
runqemu - INFO - Interrupt character is '^]'
runqemu - INFO - Running /media/abdu/LinuxHome/Embedded_Linux/git_ignoring/AGL/trout/qemux86-64/tmp/work/x86_64-linux/qemu-helper-native/1.0/recipe-sysroot-native/usr/bin/qemu-system-x86_64 -device virtio-net-pci,netdev=net0,mac=52:54:00:12:34:02 -netdev tap,id=net0,ifname=tap0,script=no,downscript=no -object rng-random,filename=/dev/urandom,id=rng0 -device virtio-rng-pci,rng=rng0 -drive file=/media/abdu/LinuxHome/Embedded_Linux/git_ignoring/AGL/trout/qemux86-64/tmp/deploy/images/qemux86-64/agl-image-flutter-qemux86-64.rootfs-20260311192415.ext4,if=virtio,format=raw -vga vmware -display default,show-cursor=on -usb -device usb-tablet -device virtio-rng-pci -vga virtio  -machine q35 -cpu qemu64,+ssse3,+sse4.1,+sse4.2,+popcnt -smp 4 -m 2048  -device intel-hda -device hda-duplex,audiodev=agl -audiodev alsa,id=agl -serial mon:vc -serial mon:stdio -serial null -device virtio-vga  -display sdl,show-cursor=on  -kernel /media/abdu/LinuxHome/Embedded_Linux/git_ignoring/AGL/trout/qemux86-64/tmp/deploy/images/qemux86-64/bzImage -append 'root=/dev/vda rw  ip=192.168.7.2::192.168.7.1:255.255.255.0::eth0:off:8.8.8.8 net.ifnames=0 console=ttyS0 console=ttyS1 oprofile.timer=1 tsc=reliable no_timer_check rcupdate.rcu_expedited=1 console=ttyS0,115200n8 quiet swiotlb=0 '

runqemu - INFO - Host uptime: 23345.68


Automotive Grade Linux 20.0.4 qemux86-64 ttyS1

qemux86-64 login: rioot
Password: 

Login incorrect
qemux86-64 login: root
root@qemux86-64:~# speaker-test -t sine -f 440 -l 1

speaker-test 1.2.11

Playback device is default
Stream parameters are 48000Hz, S16_LE, 1 channels
Sine wave rate is 440.0000Hz
Rate set to 48000Hz (requested 48000Hz)
Buffer size range from 128 to 2097152
Period size range from 64 to 1048576
Periods = 4
runqemu - INFO - Cleaning up
runqemu - INFO - Host uptime: 23450.42

abdu@abdu-B450M-S2H:/media/abdu/LinuxHome/Embedded_Linux/git_ignoring/AGL/trout/build$ which qemu
abdu@abdu-B450M-S2H:/media/abdu/LinuxHome/Embedded_Linux/git_ignoring/AGL/trout/build$ which qemu-system-x86_64
/usr/bin/qemu-system-x86_64
abdu@abdu-B450M-S2H:/media/abdu/LinuxHome/Embedded_Linux/git_ignoring/AGL/trout/build$ export QEMU="/usr/bin/qemu-system-x86_64"
runqemu qemux86-64 serial qemuparams="-device intel-hda -device hda-duplex,audiodev=agl -audiodev pa,id=agl"
runqemu - INFO - Running MACHINE=qemux86-64 bitbake -e  ...
runqemu - INFO - Overriding conf file setting of STAGING_DIR_NATIVE to /media/abdu/LinuxHome/Embedded_Linux/git_ignoring/AGL/trout/qemux86-64/tmp/work/corei7-64-agl-linux/defaultpkgname/1.0/recipe-sysroot-native from Bitbake environment
runqemu - INFO - Continuing with the following parameters:
KERNEL: [/media/abdu/LinuxHome/Embedded_Linux/git_ignoring/AGL/trout/qemux86-64/tmp/deploy/images/qemux86-64/bzImage]
MACHINE: [qemux86-64]
FSTYPE: [ext4]
ROOTFS: [/media/abdu/LinuxHome/Embedded_Linux/git_ignoring/AGL/trout/qemux86-64/tmp/deploy/images/qemux86-64/agl-image-flutter-qemux86-64.rootfs-20260311192415.ext4]
CONFFILE: [/media/abdu/LinuxHome/Embedded_Linux/git_ignoring/AGL/trout/qemux86-64/tmp/deploy/images/qemux86-64/agl-image-flutter-qemux86-64.rootfs-20260311192415.qemuboot.conf]

runqemu - INFO - Setting up tap interface under sudo
runqemu - INFO - Network configuration: ip=192.168.7.2::192.168.7.1:255.255.255.0::eth0:off:8.8.8.8 net.ifnames=0
runqemu - INFO - Interrupt character is '^]'
runqemu - INFO - Running /media/abdu/LinuxHome/Embedded_Linux/git_ignoring/AGL/trout/qemux86-64/tmp/work/x86_64-linux/qemu-helper-native/1.0/recipe-sysroot-native/usr/bin/qemu-system-x86_64 -device virtio-net-pci,netdev=net0,mac=52:54:00:12:34:02 -netdev tap,id=net0,ifname=tap0,script=no,downscript=no -object rng-random,filename=/dev/urandom,id=rng0 -device virtio-rng-pci,rng=rng0 -drive file=/media/abdu/LinuxHome/Embedded_Linux/git_ignoring/AGL/trout/qemux86-64/tmp/deploy/images/qemux86-64/agl-image-flutter-qemux86-64.rootfs-20260311192415.ext4,if=virtio,format=raw -vga vmware -display default,show-cursor=on -usb -device usb-tablet -device virtio-rng-pci -vga virtio  -machine q35 -cpu qemu64,+ssse3,+sse4.1,+sse4.2,+popcnt -smp 4 -m 2048  -device intel-hda -device hda-duplex,audiodev=agl -audiodev pa,id=agl -serial mon:vc -serial mon:stdio -serial null -device virtio-vga  -display sdl,show-cursor=on  -kernel /media/abdu/LinuxHome/Embedded_Linux/git_ignoring/AGL/trout/qemux86-64/tmp/deploy/images/qemux86-64/bzImage -append 'root=/dev/vda rw  ip=192.168.7.2::192.168.7.1:255.255.255.0::eth0:off:8.8.8.8 net.ifnames=0 console=ttyS0 console=ttyS1 oprofile.timer=1 tsc=reliable no_timer_check rcupdate.rcu_expedited=1 console=ttyS0,115200n8 quiet swiotlb=0 '

runqemu - INFO - Host uptime: 23478.72

runqemu - ERROR - Failed to run qemu: qemu-system-x86_64: -audiodev pa,id=agl: Parameter 'driver' does not accept value 'pa'

runqemu - INFO - Cleaning up
runqemu - INFO - Host uptime: 23478.73

abdu@abdu-B450M-S2H:/media/abdu/LinuxHome/Embedded_Linux/git_ignoring/AGL/trout/build$ grep -i "qemu_bin\|QEMU_BIN\|qemu-system" $(which runqemu) | head -20
        """attempt to determine the appropriate qemu-system binary"""
        return 'qemu-system-%s' % qbsys
            output = subprocess.check_output([self.qemu_bin, "--help"], universal_newlines=True, env=self.qemu_environ)
        qemu_bin = os.path.join(self.bindir_native, self.qemu_system)
        if not os.path.exists(qemu_bin):
            logger.info("QEMU binary not found in %s, trying host's QEMU" % qemu_bin)
                qemu_bin_tmp = os.path.join(path, self.qemu_system)
                logger.info("Trying: %s" % qemu_bin_tmp)
                if os.path.exists(qemu_bin_tmp):
                    qemu_bin = qemu_bin_tmp
                    if not os.path.isabs(qemu_bin):
                        qemu_bin = os.path.abspath(qemu_bin)
                    logger.info("Using host's QEMU: %s" % qemu_bin)
        if not os.access(qemu_bin, os.X_OK):
            raise OEPathError("No QEMU binary '%s' could be found" % qemu_bin)
        self.qemu_bin = qemu_bin
        self.qemu_opt = "%s %s %s %s %s" % (self.qemu_bin, self.get('NETWORK_CMD'), self.get('QB_RNG'), self.get('ROOTFS_OPTIONS'), self.get('QB_OPT_APPEND').replace('@DEPLOY_DIR_IMAGE@', self.get('DEPLOY_DIR_IMAGE')))
abdu@abdu-B450M-S2H:/media/abdu/LinuxHome/Embedded_Linux/git_ignoring/AGL/trout/build$ cp /media/abdu/LinuxHome/Embedded_Linux/git_ignoring/AGL/trout/qemux86-64/tmp/work/x86_64-linux/qemu-helper-native/1.0/recipe-sysroot-native/usr/bin/qemu-system-x86_64 \
   /media/abdu/LinuxHome/Embedded_Linux/git_ignoring/AGL/trout/qemux86-64/tmp/work/x86_64-linux/qemu-helper-native/1.0/recipe-sysroot-native/usr/bin/qemu-system-x86_64.bak
abdu@abdu-B450M-S2H:/media/abdu/LinuxHome/Embedded_Linux/git_ignoring/AGL/trout/build$ ln -sf /usr/bin/qemu-system-x86_64 \
   /media/abdu/LinuxHome/Embedded_Linux/git_ignoring/AGL/trout/qemux86-64/tmp/work/x86_64-linux/qemu-helper-native/1.0/recipe-sysroot-native/usr/bin/qemu-system-x86_64
abdu@abdu-B450M-S2H:/media/abdu/LinuxHome/Embedded_Linux/git_ignoring/AGL/trout/build$ runqemu qemux86-64 serial qemuparams="-device intel-hda -device hda-duplex,audiodev=agl -audiodev pa,id=agl"
runqemu - INFO - Running MACHINE=qemux86-64 bitbake -e  ...
runqemu - INFO - Overriding conf file setting of STAGING_DIR_NATIVE to /media/abdu/LinuxHome/Embedded_Linux/git_ignoring/AGL/trout/qemux86-64/tmp/work/corei7-64-agl-linux/defaultpkgname/1.0/recipe-sysroot-native from Bitbake environment
runqemu - INFO - Continuing with the following parameters:
KERNEL: [/media/abdu/LinuxHome/Embedded_Linux/git_ignoring/AGL/trout/qemux86-64/tmp/deploy/images/qemux86-64/bzImage]
MACHINE: [qemux86-64]
FSTYPE: [ext4]
ROOTFS: [/media/abdu/LinuxHome/Embedded_Linux/git_ignoring/AGL/trout/qemux86-64/tmp/deploy/images/qemux86-64/agl-image-flutter-qemux86-64.rootfs-20260311192415.ext4]
CONFFILE: [/media/abdu/LinuxHome/Embedded_Linux/git_ignoring/AGL/trout/qemux86-64/tmp/deploy/images/qemux86-64/agl-image-flutter-qemux86-64.rootfs-20260311192415.qemuboot.conf]

runqemu - INFO - Setting up tap interface under sudo
runqemu - INFO - Network configuration: ip=192.168.7.2::192.168.7.1:255.255.255.0::eth0:off:8.8.8.8 net.ifnames=0
runqemu - INFO - Interrupt character is '^]'
runqemu - INFO - Running /media/abdu/LinuxHome/Embedded_Linux/git_ignoring/AGL/trout/qemux86-64/tmp/work/x86_64-linux/qemu-helper-native/1.0/recipe-sysroot-native/usr/bin/qemu-system-x86_64 -device virtio-net-pci,netdev=net0,mac=52:54:00:12:34:02 -netdev tap,id=net0,ifname=tap0,script=no,downscript=no -object rng-random,filename=/dev/urandom,id=rng0 -device virtio-rng-pci,rng=rng0 -drive file=/media/abdu/LinuxHome/Embedded_Linux/git_ignoring/AGL/trout/qemux86-64/tmp/deploy/images/qemux86-64/agl-image-flutter-qemux86-64.rootfs-20260311192415.ext4,if=virtio,format=raw -vga vmware -display default,show-cursor=on -usb -device usb-tablet -device virtio-rng-pci -vga virtio  -machine q35 -cpu qemu64,+ssse3,+sse4.1,+sse4.2,+popcnt -smp 4 -m 2048  -device intel-hda -device hda-duplex,audiodev=agl -audiodev pa,id=agl -serial mon:vc -serial mon:stdio -serial null -device virtio-vga  -display gtk,show-cursor=on  -kernel /media/abdu/LinuxHome/Embedded_Linux/git_ignoring/AGL/trout/qemux86-64/tmp/deploy/images/qemux86-64/bzImage -append 'root=/dev/vda rw  ip=192.168.7.2::192.168.7.1:255.255.255.0::eth0:off:8.8.8.8 net.ifnames=0 console=ttyS0 console=ttyS1 oprofile.timer=1 tsc=reliable no_timer_check rcupdate.rcu_expedited=1 console=ttyS0,115200n8 quiet swiotlb=0 '

runqemu - INFO - Host uptime: 23637.05


Automotive Grade Linux 20.0.4 qemux86-64 ttyS1

qemux86-64 login: root
root@qemux86-64:~# speaker-test -t sine -f 440 -l 1

speaker-test 1.2.11

Playback device is default
Stream parameters are 48000Hz, S16_LE, 1 channels
Sine wave rate is 440.0000Hz
Rate set to 48000Hz (requested 48000Hz)
Buffer size range from 128 to 2097152
Period size range from 64 to 1048576
Periods = 4
^C^C^C^C^Crunqemu - INFO - Cleaning up
runqemu - INFO - Host uptime: 23745.24

abdu@abdu-B450M-S2H:/media/abdu/LinuxHome/Embedded_Linux/git_ignoring/AGL/trout/build$ runqemu qemux86-64 serial qemuparams="-device intel-hda -device hda-duplex,audiodev=agl -audiodev pa,id=agl"
runqemu - INFO - Running MACHINE=qemux86-64 bitbake -e  ...
runqemu - INFO - Overriding conf file setting of STAGING_DIR_NATIVE to /media/abdu/LinuxHome/Embedded_Linux/git_ignoring/AGL/trout/qemux86-64/tmp/work/corei7-64-agl-linux/defaultpkgname/1.0/recipe-sysroot-native from Bitbake environment
runqemu - INFO - Continuing with the following parameters:
KERNEL: [/media/abdu/LinuxHome/Embedded_Linux/git_ignoring/AGL/trout/qemux86-64/tmp/deploy/images/qemux86-64/bzImage]
MACHINE: [qemux86-64]
FSTYPE: [ext4]
ROOTFS: [/media/abdu/LinuxHome/Embedded_Linux/git_ignoring/AGL/trout/qemux86-64/tmp/deploy/images/qemux86-64/agl-image-flutter-qemux86-64.rootfs-20260311192415.ext4]
CONFFILE: [/media/abdu/LinuxHome/Embedded_Linux/git_ignoring/AGL/trout/qemux86-64/tmp/deploy/images/qemux86-64/agl-image-flutter-qemux86-64.rootfs-20260311192415.qemuboot.conf]

runqemu - INFO - Setting up tap interface under sudo
runqemu - INFO - Network configuration: ip=192.168.7.2::192.168.7.1:255.255.255.0::eth0:off:8.8.8.8 net.ifnames=0
runqemu - INFO - Interrupt character is '^]'
runqemu - INFO - Running /media/abdu/LinuxHome/Embedded_Linux/git_ignoring/AGL/trout/qemux86-64/tmp/work/x86_64-linux/qemu-helper-native/1.0/recipe-sysroot-native/usr/bin/qemu-system-x86_64 -device virtio-net-pci,netdev=net0,mac=52:54:00:12:34:02 -netdev tap,id=net0,ifname=tap0,script=no,downscript=no -object rng-random,filename=/dev/urandom,id=rng0 -device virtio-rng-pci,rng=rng0 -drive file=/media/abdu/LinuxHome/Embedded_Linux/git_ignoring/AGL/trout/qemux86-64/tmp/deploy/images/qemux86-64/agl-image-flutter-qemux86-64.rootfs-20260311192415.ext4,if=virtio,format=raw -vga vmware -display default,show-cursor=on -usb -device usb-tablet -device virtio-rng-pci -vga virtio  -machine q35 -cpu qemu64,+ssse3,+sse4.1,+sse4.2,+popcnt -smp 4 -m 2048  -device intel-hda -device hda-duplex,audiodev=agl -audiodev pa,id=agl -serial mon:vc -serial mon:stdio -serial null -device virtio-vga  -display gtk,show-cursor=on  -kernel /media/abdu/LinuxHome/Embedded_Linux/git_ignoring/AGL/trout/qemux86-64/tmp/deploy/images/qemux86-64/bzImage -append 'root=/dev/vda rw  ip=192.168.7.2::192.168.7.1:255.255.255.0::eth0:off:8.8.8.8 net.ifnames=0 console=ttyS0 console=ttyS1 oprofile.timer=1 tsc=reliable no_timer_check rcupdate.rcu_expedited=1 console=ttyS0,115200n8 quiet swiotlb=0 '

runqemu - INFO - Host uptime: 23750.49


Automotive Grade Linux 20.0.4 qemux86-64 ttyS1

qemux86-64 login: root
root@qemux86-64:~# aplay -l
aplay: device_list:279: no soundcards found...
root@qemux86-64:~# runqemu - INFO - Cleaning up
runqemu - INFO - Host uptime: 23800.15

abdu@abdu-B450M-S2H:/media/abdu/LinuxHome/Embedded_Linux/git_ignoring/AGL/trout/build$ runqemu qemux86-64 serial qemuparams="-device es1370,audiodev=agl -audiodev pa,id=agl"
runqemu - INFO - Running MACHINE=qemux86-64 bitbake -e  ...
runqemu - INFO - Overriding conf file setting of STAGING_DIR_NATIVE to /media/abdu/LinuxHome/Embedded_Linux/git_ignoring/AGL/trout/qemux86-64/tmp/work/corei7-64-agl-linux/defaultpkgname/1.0/recipe-sysroot-native from Bitbake environment
runqemu - INFO - Continuing with the following parameters:
KERNEL: [/media/abdu/LinuxHome/Embedded_Linux/git_ignoring/AGL/trout/qemux86-64/tmp/deploy/images/qemux86-64/bzImage]
MACHINE: [qemux86-64]
FSTYPE: [ext4]
ROOTFS: [/media/abdu/LinuxHome/Embedded_Linux/git_ignoring/AGL/trout/qemux86-64/tmp/deploy/images/qemux86-64/agl-image-flutter-qemux86-64.rootfs-20260311192415.ext4]
CONFFILE: [/media/abdu/LinuxHome/Embedded_Linux/git_ignoring/AGL/trout/qemux86-64/tmp/deploy/images/qemux86-64/agl-image-flutter-qemux86-64.rootfs-20260311192415.qemuboot.conf]

runqemu - INFO - Setting up tap interface under sudo
runqemu - INFO - Network configuration: ip=192.168.7.2::192.168.7.1:255.255.255.0::eth0:off:8.8.8.8 net.ifnames=0
runqemu - INFO - Interrupt character is '^]'
runqemu - INFO - Running /media/abdu/LinuxHome/Embedded_Linux/git_ignoring/AGL/trout/qemux86-64/tmp/work/x86_64-linux/qemu-helper-native/1.0/recipe-sysroot-native/usr/bin/qemu-system-x86_64 -device virtio-net-pci,netdev=net0,mac=52:54:00:12:34:02 -netdev tap,id=net0,ifname=tap0,script=no,downscript=no -object rng-random,filename=/dev/urandom,id=rng0 -device virtio-rng-pci,rng=rng0 -drive file=/media/abdu/LinuxHome/Embedded_Linux/git_ignoring/AGL/trout/qemux86-64/tmp/deploy/images/qemux86-64/agl-image-flutter-qemux86-64.rootfs-20260311192415.ext4,if=virtio,format=raw -vga vmware -display default,show-cursor=on -usb -device usb-tablet -device virtio-rng-pci -vga virtio  -machine q35 -cpu qemu64,+ssse3,+sse4.1,+sse4.2,+popcnt -smp 4 -m 2048  -device es1370,audiodev=agl -audiodev pa,id=agl -serial mon:vc -serial mon:stdio -serial null -device virtio-vga  -display gtk,show-cursor=on  -kernel /media/abdu/LinuxHome/Embedded_Linux/git_ignoring/AGL/trout/qemux86-64/tmp/deploy/images/qemux86-64/bzImage -append 'root=/dev/vda rw  ip=192.168.7.2::192.168.7.1:255.255.255.0::eth0:off:8.8.8.8 net.ifnames=0 console=ttyS0 console=ttyS1 oprofile.timer=1 tsc=reliable no_timer_check rcupdate.rcu_expedited=1 console=ttyS0,115200n8 quiet swiotlb=0 '

runqemu - INFO - Host uptime: 23806.23


Automotive Grade Linux 20.0.4 qemux86-64 ttyS1

qemux86-64 login: root
Password: 

Login incorrect
qemux86-64 login: root
root@qemux86-64:~# aplay -l
**** List of PLAYBACK Hardware Devices ****
card 0: AudioPCI [Ensoniq AudioPCI], device 0: ES1370/1 [ES1370 DAC2/ADC]
  Subdevices: 1/1
  Subdevice #0: subdevice #0
card 0: AudioPCI [Ensoniq AudioPCI], device 1: ES1370/2 [ES1370 DAC1]
  Subdevices: 1/1
  Subdevice #0: subdevice #0
root@qemux86-64:~# speaker-test -D hw:0,0 -t sine -f 440 -l 1

speaker-test 1.2.11

Playback device is hw:0,0
Stream parameters are 48000Hz, S16_LE, 1 channels
Sine wave rate is 440.0000Hz
Rate set to 48000Hz (requested 48000Hz)
Buffer size range from 32 to 32768
Period size range from 32 to 32768
Periods = 4
was set period_size = 12000
was set buffer_size = 32768
 0 - Mono
Time per period = 2.367499
root@qemux86-64:~# runqemu - INFO - Cleaning up
runqemu - INFO - Host uptime: 25514.57

[sudo] password for abdu: 
abdu@abdu-B450M-S2H:/media/abdu/LinuxHome/Embedded_Linux/git_ignoring/AGL/trout/build$ runqemu qemux86-64 serial qemuparams="-device es1370,audiodev=agl -audiodev pa,id=agl"
runqemu - INFO - Running MACHINE=qemux86-64 bitbake -e  ...
runqemu - INFO - Overriding conf file setting of STAGING_DIR_NATIVE to /media/abdu/LinuxHome/Embedded_Linux/git_ignoring/AGL/trout/qemux86-64/tmp/work/corei7-64-agl-linux/defaultpkgname/1.0/recipe-sysroot-native from Bitbake environment
runqemu - INFO - Continuing with the following parameters:
KERNEL: [/media/abdu/LinuxHome/Embedded_Linux/git_ignoring/AGL/trout/qemux86-64/tmp/deploy/images/qemux86-64/bzImage]
MACHINE: [qemux86-64]
FSTYPE: [ext4]
ROOTFS: [/media/abdu/LinuxHome/Embedded_Linux/git_ignoring/AGL/trout/qemux86-64/tmp/deploy/images/qemux86-64/agl-image-flutter-qemux86-64.rootfs-20260311192415.ext4]
CONFFILE: [/media/abdu/LinuxHome/Embedded_Linux/git_ignoring/AGL/trout/qemux86-64/tmp/deploy/images/qemux86-64/agl-image-flutter-qemux86-64.rootfs-20260311192415.qemuboot.conf]

runqemu - INFO - Setting up tap interface under sudo
runqemu - INFO - Network configuration: ip=192.168.7.2::192.168.7.1:255.255.255.0::eth0:off:8.8.8.8 net.ifnames=0
runqemu - INFO - Interrupt character is '^]'
runqemu - INFO - Running /media/abdu/LinuxHome/Embedded_Linux/git_ignoring/AGL/trout/qemux86-64/tmp/work/x86_64-linux/qemu-helper-native/1.0/recipe-sysroot-native/usr/bin/qemu-system-x86_64 -device virtio-net-pci,netdev=net0,mac=52:54:00:12:34:02 -netdev tap,id=net0,ifname=tap0,script=no,downscript=no -object rng-random,filename=/dev/urandom,id=rng0 -device virtio-rng-pci,rng=rng0 -drive file=/media/abdu/LinuxHome/Embedded_Linux/git_ignoring/AGL/trout/qemux86-64/tmp/deploy/images/qemux86-64/agl-image-flutter-qemux86-64.rootfs-20260311192415.ext4,if=virtio,format=raw -vga vmware -display default,show-cursor=on -usb -device usb-tablet -device virtio-rng-pci -vga virtio  -machine q35 -cpu qemu64,+ssse3,+sse4.1,+sse4.2,+popcnt -smp 4 -m 2048  -device es1370,audiodev=agl -audiodev pa,id=agl -serial mon:vc -serial mon:stdio -serial null -device virtio-vga  -display gtk,show-cursor=on  -kernel /media/abdu/LinuxHome/Embedded_Linux/git_ignoring/AGL/trout/qemux86-64/tmp/deploy/images/qemux86-64/bzImage -append 'root=/dev/vda rw  ip=192.168.7.2::192.168.7.1:255.255.255.0::eth0:off:8.8.8.8 net.ifnames=0 console=ttyS0 console=ttyS1 oprofile.timer=1 tsc=reliable no_timer_check rcupdate.rcu_expedited=1 console=ttyS0,115200n8 quiet swiotlb=0 '

runqemu - INFO - Host uptime: 25630.57


Automotive Grade Linux 20.0.4 qemux86-64 ttyS1

qemux86-64 login: root
root@qemux86-64:~# ls
root@qemux86-64:~# cd /
bin/        dev/        home/       lost+found/ mnt/        root/       sbin/       sys/        usr/
boot/       etc/        lib/        media/      proc/       run/        srv/        tmp/        var/
root@qemux86-64:~# cd /l
lib/        lost+found/ 
root@qemux86-64:~# cd /l
lib/        lost+found/ 
root@qemux86-64:~# cd /lib/
Display all 428 possibilities? (y or n)
root@qemux86-64:~# cd /lib/^C
root@qemux86-64:~# cd /usr/
bin/     games/   include/ lib/     libexec/ sbin/    share/   src/     
root@qemux86-64:~# cd /usr/share/
X11/                            gettext/                        pipewire/
alsa/                           glib-2.0/                       polkit-1/
alsa-card-profile/              gst-plugins-base/               sounds/
ca-certificates/                gstreamer-1.0/                  spa-0.2/
consolefonts/                   gtk-3.0/                        systemd/
dbus-1/                         icons/                          terminfo/
defaults/                       info/                           themes/
dict/                           keymaps/                        udhcpc/
doc/                            libinput/                       wayland/
drirc.d/                        man/                            wireplumber/
factory/                        mime/                           xml/
flutter/                        misc/                           xtables/
fontconfig/                     mobile-broadband-provider-info/ zoneinfo/
fonts/                          ofono/                          zsh/
root@qemux86-64:~# cd /usr/share/flutter/
3.32.5/          agl-version-app/ 
root@qemux86-64:~# cd /usr/share/flutter/
root@qemux86-64:/usr/share/flutter# tree agl-version-app/
-sh: tree: command not found
root@qemux86-64:/usr/share/flutter# cd agl-version-app/
root@qemux86-64:/usr/share/flutter/agl-version-app# l
-sh: l: command not found
root@qemux86-64:/usr/share/flutter/agl-version-app# ls
3.32.5
root@qemux86-64:/usr/share/flutter/agl-version-app# cd 3.32.5/release/
config.toml  data/        lib/         
root@qemux86-64:/usr/share/flutter/agl-version-app# cd 3.32.5/release/
root@qemux86-64:/usr/share/flutter/agl-version-app/3.32.5/release# l
-sh: l: command not found
root@qemux86-64:/usr/share/flutter/agl-version-app/3.32.5/release# ls
config.toml  data         lib
root@qemux86-64:/usr/share/flutter/agl-version-app/3.32.5/release# cd data/
root@qemux86-64:/usr/share/flutter/agl-version-app/3.32.5/release/data# ls
flutter_assets  icudtl.dat
root@qemux86-64:/usr/share/flutter/agl-version-app/3.32.5/release/data# cd flutter_assets/
root@qemux86-64:/usr/share/flutter/agl-version-app/3.32.5/release/data/flutter_assets# l
-sh: l: command not found
root@qemux86-64:/usr/share/flutter/agl-version-app/3.32.5/release/data/flutter_assets# ls
AssetManifest.bin          NOTICES.Z                  fonts                      packages
AssetManifest.json         NativeAssetsManifest.json  isolate_snapshot_data      shaders
FontManifest.json          assets                     kernel_blob.bin            vm_snapshot_data
root@qemux86-64:/usr/share/flutter/agl-version-app/3.32.5/release/data/flutter_assets# cd ../../../
root@qemux86-64:/usr/share/flutter/agl-version-app/3.32.5# ls
release
root@qemux86-64:/usr/share/flutter/agl-version-app/3.32.5# 
root@qemux86-64:/usr/share/flutter/agl-version-app/3.32.5# cd ..
root@qemux86-64:/usr/share/flutter/agl-version-app# l
-sh: l: command not found
root@qemux86-64:/usr/share/flutter/agl-version-app# find . -iname *mp3
./3.32.5/release/data/flutter_assets/assets/sound.mp3
root@qemux86-64:/usr/share/flutter/agl-version-app# systemctl status pipewire
* pipewire.service - PipeWire Multimedia Service
     Loaded: loaded (/usr/lib/systemd/system/pipewire.service; enabled; preset: enabled)
     Active: active (running) since Wed 2026-03-11 20:40:31 UTC; 2min 51s ago
TriggeredBy: * pipewire-manager.socket
             * pipewire.socket
   Main PID: 206 (pipewire)
      Tasks: 2 (limit: 2367)
     Memory: 4.1M (peak: 4.2M)
        CPU: 671ms
     CGroup: /system.slice/pipewire.service
             `-206 /usr/bin/pipewire

Mar 11 20:40:31 qemux86-64 systemd[1]: Started PipeWire Multimedia Service.
Mar 11 20:40:33 qemux86-64 pipewire[206]: spa.dbus: Failed to connect to session bus: Using X11 for dbu...instead
Mar 11 20:40:33 qemux86-64 pipewire[206]: mod.portal: Failed to connect to session bus: Input/output error
Hint: Some lines were ellipsized, use -l to show in full.
root@qemux86-64:/usr/share/flutter/agl-version-app# pw-cli list-objects | grep -i audio
-sh: pw-cli: command not found
root@qemux86-64:/usr/share/flutter/agl-version-app# cd /bin/
Display all 452 possibilities? (y or n)
root@qemux86-64:/usr/share/flutter/agl-version-app# cd /bin/^C
root@qemux86-64:/usr/share/flutter/agl-version-app# agl- 
agl-compositor              agl-screenshooter           agl-stream-pipewire-output  
root@qemux86-64:/usr/share/flutter/agl-version-app# agl-
agl-compositor              agl-screenshooter           agl-stream-pipewire-output  
root@qemux86-64:/usr/share/flutter/agl-version-app# /b  
bin/  boot/ 
root@qemux86-64:/usr/share/flutter/agl-version-app# /b
bin/  boot/ 
root@qemux86-64:/usr/share/flutter/agl-version-app# /bin/
Display all 452 possibilities? (y or n)
root@qemux86-64:/usr/share/flutter/agl-version-app# /bin/a
aconnect                    alsamixer                   aplaymidi                   ash
addr-test                   alsatplg                    arecord                     awk
agl-compositor              alsaucm                     arecordmidi                 axfer
agl-screenshooter           amidi                       ascii                       
agl-stream-pipewire-output  amixer                      aseqdump                    
alsaloop                    aplay                       aseqnet                     
root@qemux86-64:/usr/share/flutter/agl-version-app# /bin/a
aconnect                    alsamixer                   aplaymidi                   ash
addr-test                   alsatplg                    arecord                     awk
agl-compositor              alsaucm                     arecordmidi                 axfer
agl-screenshooter           amidi                       ascii                       
agl-stream-pipewire-output  amixer                      aseqdump                    
alsaloop                    aplay                       aseqnet                     
root@qemux86-64:/usr/share/flutter/agl-version-app# /bin/a^C
root@qemux86-64:/usr/share/flutter/agl-version-app# ^C
root@qemux86-64:/usr/share/flutter/agl-version-app# ls
3.32.5
root@qemux86-64:/usr/share/flutter/agl-version-app# cd
root@qemux86-64:~# ls
root@qemux86-64:~# cd /
bin/        dev/        home/       lost+found/ mnt/        root/       sbin/       sys/        usr/
boot/       etc/        lib/        media/      proc/       run/        srv/        tmp/        var/
root@qemux86-64:~# cd /bin/
root@qemux86-64:/bin# l
-sh: l: command not found
root@qemux86-64:/bin# ls
[                                   hex2hcd                             pipewire
[[                                  hexdump                             pipewire-avb
aconnect                            hostname                            pkaction
addr-test                           hostnamectl                         pkcheck
agl-compositor                      id                                  pkexec
agl-screenshooter                   iecset                              pkttyagent
agl-stream-pipewire-output          ip6tables-test                      polkit-test
alsaloop                            iptables-test                       printf
alsamixer                           iptables-xml                        private-network-test
alsatplg                            isotest                             ps
alsaucm                             journalctl                          psfaddtable
amidi                               kbd_mode                            psfgettable
amixer                              kbdinfo                             psfstriptable
aplay                               kbdrate                             psfxtable
aplaymidi                           kill                                pwd
arecord                             killall                             randstat
arecordmidi                         kmod                                rctest
ascii                               l2ping                              readlink
aseqdump                            l2test                              realpath
aseqnet                             less                                renice
ash                                 libevdev-tweak-device               reset
awk                                 llc                                 resize
axfer                               lli                                 resizecons
base32                              llvm-addr2line                      resolv-test
basename                            llvm-ar                             resolvectl
bash                                llvm-as                             rev
bash.bash                           llvm-bcanalyzer                     rfcomm
bluemoon                            llvm-bitcode-strip                  rm
bluetoothctl                        llvm-c-test                         rmdir
bootctl                             llvm-cat                            rngtest
btattach                            llvm-cfi-verify                     run-parts
btmon                               llvm-config                         sancov
bugpoint                            llvm-cov                            sanstats
bunzip2                             llvm-cvtres                         scmp_sys_resolver
busctl                              llvm-cxxdump                        scp
busybox                             llvm-cxxfilt                        scp.openssh
busybox.nosuid                      llvm-cxxmap                         sdptool
busybox.suid                        llvm-debuginfo-analyzer             seatd
bzcat                               llvm-debuginfod                     seatd-launch
bzip2                               llvm-debuginfod-find                secret-tool
cat                                 llvm-diff                           sed
chage                               llvm-dis                            seq
chattr                              llvm-dlltool                        session-test
chfn                                llvm-dwarfdump                      setfont
chfn.shadow                         llvm-dwarfutil                      setkeycodes
chgrp                               llvm-dwp                            setleds
chmod                               llvm-exegesis                       setmetamode
chown                               llvm-extract                        setsid
chsh                                llvm-gsymutil                       setvtrgb
chsh.shadow                         llvm-ifs                            sg
chvt                                llvm-install-name-tool              sh
chvt.kbd                            llvm-jitlink                        sha1sum
ciptool                             llvm-lib                            sha256sum
clear                               llvm-libtool-darwin                 showconsolefont
cmp                                 llvm-link                           showkey
connman_ncurses                     llvm-lipo                           showkey.kbd
connmanctl                          llvm-lto                            shuf
cp                                  llvm-lto2                           sleep
cpio                                llvm-mc                             sort
crc32                               llvm-mca                            speaker-test
cut                                 llvm-ml                             ssh
date                                llvm-modextract                     ssh-keygen
dbus-cleanup-sockets                llvm-mt                             ssh.openssh
dbus-daemon                         llvm-nm                             stat
dbus-launch                         llvm-objcopy                        strings
dbus-monitor                        llvm-objdump                        stty
dbus-run-session                    llvm-opt-report                     su
dbus-send                           llvm-otool                          su.shadow
dbus-test                           llvm-pdbutil                        supplicant-test
dbus-update-activation-environment  llvm-profdata                       sync
dbus-uuidgen                        llvm-profgen                        systemctl
dc                                  llvm-ranlib                         systemd-ac-power
dd                                  llvm-rc                             systemd-ask-password
deallocvt                           llvm-readelf                        systemd-cat
deallocvt.kbd                       llvm-readobj                        systemd-cgls
df                                  llvm-readtapi                       systemd-cgtop
dhcp-server-test                    llvm-reduce                         systemd-creds
dhcp-test                           llvm-remarkutil                     systemd-delta
diff                                llvm-rtdyld                         systemd-detect-virt
dirname                             llvm-sim                            systemd-dissect
dmesg                               llvm-size                           systemd-escape
dnsdomainname                       llvm-split                          systemd-hwdb
dnsproxy-test                       llvm-stress                         systemd-id128
dsymutil                            llvm-strings                        systemd-inhibit
du                                  llvm-strip                          systemd-machine-id-setup
dumpkeys                            llvm-symbolizer                     systemd-mount
dumpkmap                            llvm-tblgen                         systemd-notify
dumpleases                          llvm-tli-checker                    systemd-path
echo                                llvm-undname                        systemd-resolve
egrep                               llvm-windres                        systemd-run
env                                 llvm-xray                           systemd-socket-activate
expiry                              ln                                  systemd-stdio-bridge
expr                                loadkeys                            systemd-sysusers
faillog                             loadunimap                          systemd-tmpfiles
false                               localectl                           systemd-tty-ask-password-agent
fc-cache                            logger                              systemd-umount
fc-cat                              login                               tail
fc-conflist                         login.shadow                        tap-test
fc-list                             loginctl                            tar
fc-match                            logname                             tee
fc-pattern                          ls                                  telnet
fc-query                            lsmod                               test
fc-scan                             lsmod.kmod                          tftp
fc-validate                         lzcat                               time
fgconsole                           mapscrn                             timedatectl
fgconsole.kbd                       md5sum                              top
fgrep                               mesg                                touch
find                                microcom                            touchpad-edge-detector
flock                               mkdir                               tr
flutter-auto                        mkfifo                              traceroute
free                                mknod                               true
fuser                               mktemp                              ts
gapplication                        more                                tty
gdbus                               mount                               udevadm
getkeycodes                         mount.util-linux                    umount
getopt                              mountpoint                          umount.util-linux
getsubids                           mouse-dpi-tool                      uname
gio                                 mpg123                              unicode_start
glib-compile-resources              mpg123-id3dump                      unicode_stop
glib-compile-schemas                mpg123-strip                        uniq
glib-genmarshal                     mpicalc                             unlink
glib-gettextize                     mpris-proxy                         unzip
glib-mkenums                        mtdev-test                          update-alternatives
gobject-query                       mv                                  update-mime-database
gpasswd                             nc                                  uptime
grep                                netstat                             userdbctl
gresource                           networkctl                          users
groups                              newgidmap                           usleep
groups.shadow                       newgrp                              varlinkctl
gsettings                           newgrp.shadow                       verify-uselistorder
gst-device-monitor-1.0              newuidmap                           vi
gst-discoverer-1.0                  nhlt-dmic-info                      vlock
gst-inspect-1.0                     nohup                               vlock.kbd
gst-launch-1.0                      nproc                               watch
gst-play-1.0                        nslookup                            wc
gst-stats-1.0                       od                                  web-test
gst-transcoder-1.0                  openssl                             wget
gst-typefind-1.0                    openvt                              which
gtester                             openvt.kbd                          who
gtester-report                      opt                                 whoami
gtk-launch                          out123                              wireplumber
gtk-query-immodules-3.0             pango-list                          wispr
gtk-update-icon-cache               pango-segmentation                  wpad-test
gtk-update-icon-cache-3.0           pango-view                          wpctl
gunzip                              passwd                              wpexec
gzip                                passwd.shadow                       xargs
hciattach                           patch                               xzcat
hciconfig                           pgrep                               yat2m
hcidump                             pidof                               yes
hcitool                             ping                                zcat
head                                ping6
root@qemux86-64:/bin# systemctl status agl-
agl-compositor              agl-screenshooter           agl-stream-pipewire-output  
root@qemux86-64:/bin# systemctl status agl-version-app
* agl-version-app.service
     Loaded: loaded (/usr/lib/systemd/system/agl-version-app.service; enabled; preset: enabled)
     Active: active (running) since Wed 2026-03-11 20:40:42 UTC; 4min 22s ago
   Main PID: 289 (flutter-auto)
      Tasks: 20 (limit: 2367)
     Memory: 166.2M (peak: 166.7M)
        CPU: 20.662s
     CGroup: /system.slice/agl-version-app.service
             `-289 /usr/bin/flutter-auto -b /usr/share/flutter/agl-version-app/3.32.5/release --xdg-shell-app-...

Mar 11 20:40:43 qemux86-64 flutter-auto[289]: [20:40:43.010211] [I] Accessibility Features: ... 0
Mar 11 20:40:43 qemux86-64 flutter-auto[289]: [20:40:43.010650] [I] *******************
Mar 11 20:40:43 qemux86-64 flutter-auto[289]: [20:40:43.010745] [I] * Activation Area *
Mar 11 20:40:43 qemux86-64 flutter-auto[289]: [20:40:43.010797] [I] *******************
Mar 11 20:40:43 qemux86-64 flutter-auto[289]: [20:40:43.010921] [I] x: ........................ 0
Mar 11 20:40:43 qemux86-64 flutter-auto[289]: [20:40:43.011073] [I] y: ........................ 0
Mar 11 20:40:43 qemux86-64 flutter-auto[289]: [20:40:43.011130] [I] width: .................... 0
Mar 11 20:40:43 qemux86-64 flutter-auto[289]: [20:40:43.011184] [I] height: ................... 0
Mar 11 20:40:43 qemux86-64 flutter-auto[289]: libEGL warning: MESA-LOADER: failed to open zink: /usr/lib... _dri)
Mar 11 20:40:45 qemux86-64 flutter-auto[289]: [20:40:45.084296] [I] (0) Loading AOT: /usr/share/flutter/...app.so
Hint: Some lines were ellipsized, use -l to show in full.
root@qemux86-64:/bin# systemctl status pipewire 
* pipewire.service - PipeWire Multimedia Service
     Loaded: loaded (/usr/lib/systemd/system/pipewire.service; enabled; preset: enabled)
     Active: active (running) since Wed 2026-03-11 20:40:31 UTC; 5min ago
TriggeredBy: * pipewire-manager.socket
             * pipewire.socket
   Main PID: 206 (pipewire)
      Tasks: 2 (limit: 2367)
     Memory: 4.1M (peak: 4.2M)
        CPU: 671ms
     CGroup: /system.slice/pipewire.service
             `-206 /usr/bin/pipewire

Mar 11 20:40:31 qemux86-64 systemd[1]: Started PipeWire Multimedia Service.
Mar 11 20:40:33 qemux86-64 pipewire[206]: spa.dbus: Failed to connect to session bus: Using X11 for dbu...instead
Mar 11 20:40:33 qemux86-64 pipewire[206]: mod.portal: Failed to connect to session bus: Input/output error
Hint: Some lines were ellipsized, use -l to show in full.
root@qemux86-64:/bin# which gst-launch-1.0
/usr/bin/gst-launch-1.0
root@qemux86-64:/bin# gst-launch-1.0 --version
gst-launch-1.0 version 1.22.12
GStreamer 1.22.12
Unknown package origin
root@qemux86-64:/bin# gst-launch-1.0 audiotestsrc wave=sine freq=440 num-buffers=100 ! autoaudiosink
Setting pipeline to PAUSED ...
Pipeline is PREROLLING ...
^Chandling interrupt.
Interrupt: Stopping pipeline ...
Setting pipeline to NULL ...
^C
root@qemux86-64:/bin# gst-launch-1.0 audiotestsrc wave=sine freq=440 num-buffers=100 ! alsasink device=hw:0,0
Setting pipeline to PAUSED ...
Pipeline is PREROLLING ...

(gst-launch-1.0:369): GStreamer-Audio-CRITICAL **: 20:47:58.222: file /usr/src/debug/gstreamer1.0-plugins-base/1.22.12/gst-libs/gst/audio/gstaudioringbuffer.c: line 2101 (gst_audio_ring_buffer_set_channel_positions): should not be reached
Redistribute latency...
Pipeline is PREROLLED ...
Setting pipeline to PLAYING ...
Redistribute latency...
New clock: GstAudioSinkClock
Got EOS from element "pipeline0".
Execution ended after 0:00:02.499803178
Setting pipeline to NULL ...
Freeing pipeline ...
root@qemux86-64:/bin# ^C
root@qemux86-64:/bin# cat > /etc/asound.conf << 'EOF'
> pcm.default hw:0,0
> ctl.default hw:0,0
> EOF
root@qemux86-64:/bin# gst-launch-1.0 audiotestsrc wave=sine freq=440 num-buffers=100 ! alsasink device=hw:0,0
Setting pipeline to PAUSED ...
ERROR: from element /GstPipeline:pipeline0/GstAlsaSink:alsasink0: Could not open audio device for playback.
Additional debug info:
/usr/src/debug/gstreamer1.0-plugins-base/1.22.12/ext/alsa/gstalsasink.c(889): gst_alsasink_open (): /GstPipeline:pipeline0/GstAlsaSink:alsasink0:
Playback open error on device 'hw:0,0': Invalid argument
ERROR: pipeline doesn't want to preroll.
Failed to set pipeline to PAUSED.
Setting pipeline to NULL ...
Freeing pipeline ...
root@qemux86-64:/bin# gst-launch-1.0 audiotestsrc wave=sine freq=440 num-buffers=100 ! autoaudiosink
Setting pipeline to PAUSED ...
Pipeline is PREROLLING ...
WARNING: from element /GstPipeline:pipeline0/GstAutoAudioSink:autoaudiosink0: Could not open audio device for playback.
Additional debug info:
/usr/src/debug/gstreamer1.0-plugins-base/1.22.12/ext/alsa/gstalsasink.c(889): gst_alsasink_open (): /GstAlsaSink:autoaudiosink0-actual-sink-alsa:
Playback open error on device 'default': Invalid argument
Pipeline is PREROLLED ...
Setting pipeline to PLAYING ...
Redistribute latency...
New clock: GstSystemClock
Got EOS from element "pipeline0".
Execution ended after 0:00:02.328585145
Setting pipeline to NULL ...
Freeing pipeline ...
root@qemux86-64:/bin# rm 
Display all 452 possibilities? (y or n)
root@qemux86-64:/bin# rm ^C
root@qemux86-64:/bin# cd
root@qemux86-64:~# rm .
./      ../     .cache/ .ssh/   
root@qemux86-64:~# rm .^C
root@qemux86-64:~# cat > /etc/asound.conf << 'EOF'
pcm.default hw:0,0
ctl.default hw:0,0
EOF
^C
root@qemux86-64:~# rm /etc/asound.conf 
root@qemux86-64:~# gst-launch-1.0 audiotestsrc wave=sine freq=440 num-buffers=100 ! alsasink device=hw:0,0
Setting pipeline to PAUSED ...
Pipeline is PREROLLING ...

(gst-launch-1.0:427): GStreamer-Audio-CRITICAL **: 20:51:32.783: file /usr/src/debug/gstreamer1.0-plugins-base/1.22.12/gst-libs/gst/audio/gstaudioringbuffer.c: line 2101 (gst_audio_ring_buffer_set_channel_positions): should not be reached
Redistribute latency...
Pipeline is PREROLLED ...
Setting pipeline to PLAYING ...
Redistribute latency...
New clock: GstAudioSinkClock
^Chandling interrupt.
Interrupt: Stopping pipeline ...
Execution ended after 0:00:00.582086044
Setting pipeline to NULL ...
Freeing pipeline ...
root@qemux86-64:~# cat > /etc/asound.conf << 'EOF'
pcm.default hw:0,0
ctl.default hw:0,0
EOF
root@qemux86-64:~# gst-launch-1.0 audiotestsrc wave=sine freq=440 num-buffers=100 ! alsasink device=hw:0,0
Setting pipeline to PAUSED ...
ERROR: from element /GstPipeline:pipeline0/GstAlsaSink:alsasink0: Could not open audio device for playback.
Additional debug info:
/usr/src/debug/gstreamer1.0-plugins-base/1.22.12/ext/alsa/gstalsasink.c(889): gst_alsasink_open (): /GstPipeline:pipeline0/GstAlsaSink:alsasink0:
Playback open error on device 'hw:0,0': Invalid argument
ERROR: pipeline doesn't want to preroll.
Failed to set pipeline to PAUSED.
Setting pipeline to NULL ...
Freeing pipeline ...
root@qemux86-64:~# gst-launch-1.0 audiotestsrc wave=sine freq=440 num-buffers=100 ! alsasink device=hw:0,0
Setting pipeline to PAUSED ...
ERROR: from element /GstPipeline:pipeline0/GstAlsaSink:alsasink0: Could not open audio device for playback.
Additional debug info:
/usr/src/debug/gstreamer1.0-plugins-base/1.22.12/ext/alsa/gstalsasink.c(889): gst_alsasink_open (): /GstPipeline:pipeline0/GstAlsaSink:alsasink0:
Playback open error on device 'hw:0,0': Invalid argument
ERROR: pipeline doesn't want to preroll.
Failed to set pipeline to PAUSED.
Setting pipeline to NULL ...
Freeing pipeline ...
root@qemux86-64:~# gst-launch-1.0 audiotestsrc wave=sine freq=440 num-buffers=100 ! autoaudiosink
Setting pipeline to PAUSED ...
Pipeline is PREROLLING ...
WARNING: from element /GstPipeline:pipeline0/GstAutoAudioSink:autoaudiosink0: Could not open audio device for playback.
Additional debug info:
/usr/src/debug/gstreamer1.0-plugins-base/1.22.12/ext/alsa/gstalsasink.c(889): gst_alsasink_open (): /GstAlsaSink:autoaudiosink0-actual-sink-alsa:
Playback open error on device 'default': Invalid argument
Pipeline is PREROLLED ...
Setting pipeline to PLAYING ...
Redistribute latency...
New clock: GstSystemClock
Got EOS from element "pipeline0".
Execution ended after 0:00:02.329168754
Setting pipeline to NULL ...
Freeing pipeline ...
root@qemux86-64:~# rm /etc/
.pwd.lock             environment           libinput/             profile               subuid
.updated              ethertypes            libnl/                profile.d/            sysctl.d/
alsa/                 fonts/                localtime             protocols             systemd/
asound.conf           fstab                 login.defs            resolv-conf.connman   terminfo/
bluetooth/            group                 machine-id            resolv-conf.systemd   timestamp
busybox.links.nosuid  gshadow               modprobe.d/           resolv.conf           timezone
busybox.links.suid    gtk-3.0/              modules-load.d/       rpc                   tmpfiles.d/
ca-certificates/      host.conf             motd                  securetty             udev/
ca-certificates.conf  hostname              mtab                  security/             udhcpc.d/
connman/              hosts                 network/              services              version
credstore/            inputrc               nsswitch.conf         shadow                wpa_supplicant.conf
credstore.encrypted/  iptables/             ofono/                shells                xattr.conf
dbus-1/               issue                 os-release            skel/                 xdg/
default/              issue.net             pam.d/                ssh/                  
depmod.d/             ld.so.cache           passwd                ssl/                  
e2fsck.conf           ld.so.conf            polkit-1/             subgid                
root@qemux86-64:~# rm /etc/asound.conf 
root@qemux86-64:~# aplay -l
**** List of PLAYBACK Hardware Devices ****
card 0: AudioPCI [Ensoniq AudioPCI], device 0: ES1370/1 [ES1370 DAC2/ADC]
  Subdevices: 1/1
  Subdevice #0: subdevice #0
card 0: AudioPCI [Ensoniq AudioPCI], device 1: ES1370/2 [ES1370 DAC1]
  Subdevices: 1/1
  Subdevice #0: subdevice #0
root@qemux86-64:~# cat > /etc/asound.conf << 'EOF'
> defaults.pcm.card 0
> defaults.pcm.device 0
> defaults.ctl.card 0
> EOF
root@qemux86-64:~# gst-launch-1.0 audiotestsrc wave=sine freq=440 num-buffers=100 ! autoaudiosink
Setting pipeline to PAUSED ...
Pipeline is PREROLLING ...
^Chandling interrupt.
Interrupt: Stopping pipeline ...
Setting pipeline to NULL ...
^C
root@qemux86-64:~# gst-launch-1.0 audiotestsrc wave=sine freq=440 num-buffers=100 ! autoaudiosink
Setting pipeline to PAUSED ...
Pipeline is PREROLLING ...
^Chandling interrupt.
Interrupt: Stopping pipeline ...
Setting pipeline to NULL ...
^C
root@qemux86-64:~# rm /etc/
.pwd.lock             environment           libinput/             profile               subuid
.updated              ethertypes            libnl/                profile.d/            sysctl.d/
alsa/                 fonts/                localtime             protocols             systemd/
asound.conf           fstab                 login.defs            resolv-conf.connman   terminfo/
bluetooth/            group                 machine-id            resolv-conf.systemd   timestamp
busybox.links.nosuid  gshadow               modprobe.d/           resolv.conf           timezone
busybox.links.suid    gtk-3.0/              modules-load.d/       rpc                   tmpfiles.d/
ca-certificates/      host.conf             motd                  securetty             udev/
ca-certificates.conf  hostname              mtab                  security/             udhcpc.d/
connman/              hosts                 network/              services              version
credstore/            inputrc               nsswitch.conf         shadow                wpa_supplicant.conf
credstore.encrypted/  iptables/             ofono/                shells                xattr.conf
dbus-1/               issue                 os-release            skel/                 xdg/
default/              issue.net             pam.d/                ssh/                  
depmod.d/             ld.so.cache           passwd                ssl/                  
e2fsck.conf           ld.so.conf            polkit-1/             subgid                
root@qemux86-64:~# rm /etc/asound.conf 
root@qemux86-64:~# cat > /etc/asound.conf << 'EOF'
> pcm.!default {
>     type hw
>     card 0
>     device 0
> }
> ctl.!default {
>     type hw
>     card 0
> }
> EOF
root@qemux86-64:~# gst-launch-1.0 audiotestsrc wave=sine freq=440 num-buffers=100 ! autoaudiosink
Setting pipeline to PAUSED ...
Pipeline is PREROLLING ...

(gst-launch-1.0:486): GStreamer-Audio-CRITICAL **: 20:54:44.704: file /usr/src/debug/gstreamer1.0-plugins-base/1.22.12/gst-libs/gst/audio/gstaudioringbuffer.c: line 2101 (gst_audio_ring_buffer_set_channel_positions): should not be reached
Redistribute latency...
Pipeline is PREROLLED ...
Setting pipeline to PLAYING ...
Redistribute latency...
New clock: GstAudioSinkClock
^Chandling interrupt.
Interrupt: Stopping pipeline ...
Execution ended after 0:00:00.686932298
Setting pipeline to NULL ...
Freeing pipeline ...
root@qemux86-64:~# aplay -l
**** List of PLAYBACK Hardware Devices ****
card 0: AudioPCI [Ensoniq AudioPCI], device 0: ES1370/1 [ES1370 DAC2/ADC]
  Subdevices: 1/1
  Subdevice #0: subdevice #0
card 0: AudioPCI [Ensoniq AudioPCI], device 1: ES1370/2 [ES1370 DAC1]
  Subdevices: 1/1
  Subdevice #0: subdevice #0
root@qemux86-64:~# gst-launch-1.0 audiotestsrc wave=sine freq=440 num-buffers=100 ! alsasink device=hw:0,0runqemu - INFO - Cleaning up
runqemu - INFO - Host uptime: 30701.09

[sudo] password for abdu: 
abdu@abdu-B450M-S2H:/media/abdu/LinuxHome/Embedded_Linux/git_ignoring/AGL/trout/build$ 
